{"version":8,"hash":{"type":"Buffer","data":"KLhHDn+sXXCoXl0vYg5pCGhfHiLcDWbXywiueA8BI0r3r1oFRueU9LJwDczsJAttbhhrX9GqMrIQZLtPwW6D/gfqleF/ETvkjDvTJ8TpxxzmkXX5TBFD2it84i9eR1QZ/fQNpW8vsEVaIkOwfDwhchkuxXwQvRDdeMHZNKa0ybQ="},"indexValueMap":{"BeixlHMfNiqveXvYf/S5LdGeCQasG+a3JoK2QQgtYfs=":{"valueMac":{"type":"Buffer","data":"u2db4IswSKp9XX+G/VnfKi8lb2Y+c3KNb/IZhFWzGzc="}},"BroX8fqzBnNqGHc2EooeYZT6JqPuZGrVPBqx+6J/db8=":{"valueMac":{"type":"Buffer","data":"PDDqxLWCvZolwHHTpKKrAbkKjgUs3J4NiMlnYx0dF6c="}},"CfZJ1ACRQAhjkmzxoBznPUgDuBGzCzvB5nLMGmPekp4=":{"valueMac":{"type":"Buffer","data":"wsSNR4ykV+yHksqlZW5BwSebllZiGNROOo9hWsh4Tnk="}},"DiDFGWBMh5YlVDKN9sJbb6ExAxRQoZWWG9xHHVpeSBo=":{"valueMac":{"type":"Buffer","data":"ByVMn+eZxH1xol7QPlzTZjImZtpB+fZtlIQ1ctLwms8="}},"I/rw6GexYHrZapFwFi7Zoj+c2mYbcvfBzK8NwBUdWg8=":{"valueMac":{"type":"Buffer","data":"ziKu9vJP5F0wwFYkCWdrTLYUKuBn1gSZFMfifLknY/k="}},"Ka1zpg0mziisGhQo/Tam9U5QPgbTFVcQ52rVtP0havo=":{"valueMac":{"type":"Buffer","data":"r3sRFsRdyMywx2nx2kYRChjcJlFOoanPs6gJ0FQ+a8U="}},"MUbnlwRdI/PuiMfCQsrvR22NqNR2hpzRMelFS0I5ayU=":{"valueMac":{"type":"Buffer","data":"romT1nYvUWv8ywseJecPARTHaDySyF/TG41EHOloDSo="}},"MkZTAfjiFVFXVZNPqJM2Vp80Kx310Na9uwD2uPyyqDg=":{"valueMac":{"type":"Buffer","data":"gIOgSK1yd2MS8esMipK+apnFHpX4CN379E3xipmlXI8="}},"N1tewyXB3s90HMXp3pnDKDjtsFplWeqe78S/XcfRXR4=":{"valueMac":{"type":"Buffer","data":"OxLTlPfRcjNDSLwIeLHOOw4wwmdJ6MWQONNnDOzTzb4="}},"PtcdOV9Stw5Qnn/tRW6NL9m/9WRqqGI6TvhS4sO2aBo=":{"valueMac":{"type":"Buffer","data":"bybjPLKaJ6GXmHqvUS4hWyrrZQJwqB5jS4HM9Sd3TPk="}},"Uf41mlMbLRdA2E+n1J9yh01CIcYiZ1fw21cQF6KBx34=":{"valueMac":{"type":"Buffer","data":"AU5tPDwpXKHnVs57t9mdBR06Rs3Z7pApmZt0Q0KNGXo="}},"W3L5ssnXM75UBm2comrOxhJglTIqgR3JJo4ixbXy7fw=":{"valueMac":{"type":"Buffer","data":"Q7KXLB+n4sood7AwH00ltqMa+e1Ua2J/SQx55tgtvLI="}},"YHU+VunVLKDYjFmBQtbrnKUk5uKOQfxS7cwOH5K5ENc=":{"valueMac":{"type":"Buffer","data":"qbyabOq64UbyrrxEen+I3OJFVcESNkKCYxMye1swFxo="}},"YzfdjIPSsQcp/wdYUk1FIklzLopmZ36nTaFVWIgp2qM=":{"valueMac":{"type":"Buffer","data":"4xR9wtyWFlp7xSqQFmvuELPNWxWW7sYcaQTgA+wJVRg="}},"d4Y8BalY8YCdlrhGoMaXFTlFkuFAqLiBUxnZeFJWL6E=":{"valueMac":{"type":"Buffer","data":"RioOSiF5qWxWLMKe3GdZeZ0khua7qYK6bebfvra6n+g="}},"fypW7N7tDVGjWN52ls8uCh/FvUuo0Ieh0C1HdA0Reeo=":{"valueMac":{"type":"Buffer","data":"J/tBnuzI9278aJeBiF5URUsDg/IuVnF71SUeMpqTNYs="}},"g8wQ3vf2tYkMlouel3Ss9hvtnkKcUZCmXYaFgGKfjbE=":{"valueMac":{"type":"Buffer","data":"vhU3qt+GUMH5k2J96lqn3g8WtrWjujO5qInFmqu9WN0="}},"heRaPSB7iQLA0gh2EneoIF+AnIbwTcUlH9Po1J8h0AU=":{"valueMac":{"type":"Buffer","data":"HT4V33MzHl43EcmrqESlNfCFxByxid/UWy4htyzEUWQ="}},"mFp6W1+yoRlADpqIrnFn4ofabtvdAJe2UptQgJJGN68=":{"valueMac":{"type":"Buffer","data":"7m86UgjLU/DpInatfhoehAd7PFGu5QcdrcXTzd7tQqw="}},"sDUNkhMiQ8HHzuHCAJwGMXwhzZY7xXaFMxGjumUhYIU=":{"valueMac":{"type":"Buffer","data":"0wQJxOPkRwZduMbfg4rULIH56/O350FoYvvknrJdq3o="}},"urA6R5pDbilxUPLOhhC/6ilBKaekIxtcwE/o25hPgqY=":{"valueMac":{"type":"Buffer","data":"3Z+8bp56c/kTQMjhPveSk+elPW+dJgsJxgoJJXv6x+8="}},"wNQD8RzLSP7Cof/RQXaAtVCzydgwKn9Gc6yvmxRPT+8=":{"valueMac":{"type":"Buffer","data":"oIs3Yit0tS1v1Gfnv/CdztXwEiI6R5LHm7/OAgoi6oU="}},"1SBpT9pL+1eBA/Ckl25fpuv8dBJblXpkzenbgx9erQU=":{"valueMac":{"type":"Buffer","data":"cvk4aBdpLMbGVL5DVHpxD0CF96SAtRpHaW46fN42Pvg="}},"2egUgOcE9v4TyJ2CxxRG4Bv3xQvGtCOo56TvG4GnLqc=":{"valueMac":{"type":"Buffer","data":"yS4NLhmxzWwVxOj7HworwfzIRts3Dwihc53Uc1UCdLc="}},"4ze8C6sGbRHLl0XBeG+F5L2u7rAXWZzQ2r/knk1+1SM=":{"valueMac":{"type":"Buffer","data":"k1zOfmC+H6aM3YJa4IGnxXVocXSONx5xQlE8c4fO150="}},"7udxF/FgiC9ULH+NSzu5OhS3TfZJWNl/Rp8ZZxQLn5Y=":{"valueMac":{"type":"Buffer","data":"ePF6JBU6E157P5jGF7sVURluxpo0guystMSlpV6hEOE="}},"+TmK27MIK3TAOXB9FFrXtDW2+76TCJSGJT7W8mxpcCM=":{"valueMac":{"type":"Buffer","data":"wN4diCnyQ+ullDNQAzKOrUlU9/9S17CILJx33ZLaMSc="}}}}