{"version":50,"hash":{"type":"Buffer","data":"PZ/Sh7mdG5GwcA9DPzyo2cn7ctbY5wFARXHqpBYniwGWZ1riri8Nwl3AjGoX4VqkbPbIRO7PpphUignCGkl3Oo3lgynaj21ToeGnNlGQUoLcjAfcpFyc3HcvXnDwXWGnHTrW/qvLT4+aq9pg/gQ1xGjaivhLyUZVREKHqw28nE4="},"indexValueMap":{"ACTQpDJ/3HN0zwJO+kgbUhDcLSDir9ojQYTzrkMbE1k=":{"valueMac":{"type":"Buffer","data":"As3rxmJPtVDMW2olRcRO7cFz/+mkyVl/fXK4r/NERvU="}},"ADMFqPlUO86VzjCFAwBfIw3Q9hylL5Mg38XY50GpKFU=":{"valueMac":{"type":"Buffer","data":"pPz4plElFv7pHa9PINV2gISZIfDend2j/Q9YWfwSLSw="}},"AGtZEu26vgrMg743ONvr9MlOxmRfKlNk9k7jJ5g77Bk=":{"valueMac":{"type":"Buffer","data":"Ju8XwWTLZYFEXAS7ihCeJcjaohQU3+9VUyuaAb1Uh9k="}},"AJp1vOKIQ5Hj8sk9U2nPByxWt2tr531mHzFGzB/PziY=":{"valueMac":{"type":"Buffer","data":"KJwdTRm4rL9Trr1sJ9WiJrvi2d8w/tIXmobWH1vl5Qo="}},"AL4gPoVrVPB7J2x5cO73Eksx8dE7+qq4N5qb7/lRYRw=":{"valueMac":{"type":"Buffer","data":"grF7CURTtFW7Qw4ImsvRePjhDSho5zPEsoG7J3M5FvY="}},"AZCdSK7QuWrsCp75FMpCgN7fZcNEx1sJbVrt7/IYWbA=":{"valueMac":{"type":"Buffer","data":"4HlHm5Hfe20Aq/67jz4wGsCBqUUw456UVkGsFkRiqYo="}},"Am3hxOv43dLnj3h1hGw7Qs2HMw6iykZA4HVp+AJthMA=":{"valueMac":{"type":"Buffer","data":"UjliTy+aGtaPNkD+7Y90cIvGEDBmIg+uRIjkuVkwLhs="}},"AqChHwn/9lELj/rkZs1X+j1N3x7XvmR0DzFHKoCUGQo=":{"valueMac":{"type":"Buffer","data":"wtc3er6uu7ZaoW/THB++d7lqopKI+38CSaI9J93NxxE="}},"Avpi0mf0tEZlEaZ7qGEdAGwHj/OFyPWmH7stSXQulqw=":{"valueMac":{"type":"Buffer","data":"UyvdgcP4tNjvw2N3eXqCylgeczh97ZtyaLsCPr85VLM="}},"AzlhjghRnQeeNEQLLTEs8NWSgoxCBRiwj7klEHADTX0=":{"valueMac":{"type":"Buffer","data":"XwtLHoP663cQwxaV8nIyl9+CVppCs4FYSVLvXUQSSwI="}},"A4/mWV7ElT8CeNQLOCUwm9AOrIOld8MCgHgyAWU+m2o=":{"valueMac":{"type":"Buffer","data":"RDgAqFktZHx+zE4fMaG6MRG302PbhBYJGJU+PxiMnBE="}},"A+14bw+iO32A0iPyhsOjCu1RaWhWd2xJwRMLHIMFpL8=":{"valueMac":{"type":"Buffer","data":"5UWAUP2NpAwr6jCcg7CqJhF/rPbaxw5Zc0CEkn+FQSE="}},"BB7uTK0yqiH1g5Bz+BFNzXUPzAx6xjfsV7q21aIN4+0=":{"valueMac":{"type":"Buffer","data":"ezZKzAeCssXiqoGtU1rwizww2uqyN9SMK97cy6r4Q8c="}},"BEYKLDjpL8ayVd4JV0Ydme3MlHFL0NLjnUl5leFVHMU=":{"valueMac":{"type":"Buffer","data":"pV02t8NX/EIKoJsFJl5FJr6XZww/WQl2FwRijpE2iNY="}},"BVxLU1g2PZDp4Spy4HJd6FZWhBX2MUzBRGZ+gfl4O0U=":{"valueMac":{"type":"Buffer","data":"HLJXCA3w89iY9L7D/WQha17dcrB4v/hFTBMCSiuOiAI="}},"BdadE08SemAb/lJBU4QQn3tOTxf+O4EivXRGLNtiXqA=":{"valueMac":{"type":"Buffer","data":"bzwSU2SrYGccIRUkFzICuWdvkKOTzZtNT9JZbluhV0U="}},"BnlU4N9s6vNecHaejf8ubvFajFGccHPQDaoYZm9BfFM=":{"valueMac":{"type":"Buffer","data":"rfMSbbCibx98G0umRrdDcqfapBQkqp6Tc6thkuvpn6A="}},"BoJOaD4vocr97jDyv4QHMcPSCzT4V+t2VhaTK5ipkak=":{"valueMac":{"type":"Buffer","data":"ZG5G3cXGbZ80oAr8kfyeishs60dIr3O5tfbuXE6uz7k="}},"B6SJa6ZOqXYniZ8fBSEo3deKhNAof2R1pHnwZGg5oSc=":{"valueMac":{"type":"Buffer","data":"aET8nep46XC8BPNmyrapUwuLIU9NVInN0yDsPEC1lgQ="}},"B6rw/e6he7WvXyj1HJmFnTFAbvbUE5r+fsncWjp6mow=":{"valueMac":{"type":"Buffer","data":"vlkg5TMlj9/GV2PL2d05toJRbHTJniYBV4pR/RDrsyM="}},"B8PjeBDnSMkc9DPmZTxpRvcYqQN7eZvD3ABHkhPvfuM=":{"valueMac":{"type":"Buffer","data":"EvdhGImnz45v4ej/sBGLN2NrFGqiuBrIHtF8/08xQlA="}},"CGyo74D1/EN/43IrV6FVqkvZ+xH9x9Y9QEz1ppv7Pio=":{"valueMac":{"type":"Buffer","data":"5Tkj1ZP26Xuvu1P6iz1hJYAI1tOXAXF7gJRXI2r4RrA="}},"CbkaM3CAmjgjanOFAR1QQB+X1ySLT2HwFEwBJzsack8=":{"valueMac":{"type":"Buffer","data":"Ek1alQ6OZ5I83algJVGbLMk5DnRDjgxB16hwFHnwXtI="}},"CjEYRK34vUHBdRsdfGKJkREtnuS/aQaPNLee8b5gjdU=":{"valueMac":{"type":"Buffer","data":"8jWDnwjRnAg4SVCb1z0UNj+0hzQYWvIqxQO1BM9TtyU="}},"CkhprsfsX/v4HbHnCcwHM3ojm2FxrdY25DF3hncEj8M=":{"valueMac":{"type":"Buffer","data":"osLlNP9BCp29J7vIF7IMbUxtlV7bzUpsoV01jFSpyzI="}},"CtUORIkmaR4RCf5euTmr2ekeiUjUda2aOzp7sXcQ2iI=":{"valueMac":{"type":"Buffer","data":"0RwJm640w8zeYjJmlFKmPGgvoNW8CvA9rxwCSNksnWQ="}},"C7FzWffOWzdGDztco9oBfVYwh0q/creB2VfWLp4VSfg=":{"valueMac":{"type":"Buffer","data":"7mGgHkHIcCJYtscvHdD+rjOC5E/L6I6qis2CrGoiMkk="}},"DN/jz0VaT3aCv09wjH/T671BUpTcwKtm6suEkz3zCqs=":{"valueMac":{"type":"Buffer","data":"1b4+c1AeyDsefq6jUuVwrdXegR+zlBrJuMwMuHW1/zI="}},"DUD703fCH76BpVk/t7aEgeU5IGLCNcu73a57hq4+FgM=":{"valueMac":{"type":"Buffer","data":"CVqZgj6Ptjq0pIwueqvU7WZbwHKFrfkFcSNmzP4zfg0="}},"DpmOPH+JO29t1vU0IwA/BHI37r6y1yCwBI/i+4Opx1g=":{"valueMac":{"type":"Buffer","data":"5M2q3zLvheOqHKnPzIT4Ry1Otz56pO9vnQitW4EDINE="}},"Ds5SUlyuoHiJ8a5+tSPuicEWLiNqUOZ3e8zZUuVyWm8=":{"valueMac":{"type":"Buffer","data":"1OYKYfqhzlc9gXCr6TUuNPHMCYrShEMEgGFZiIKTKUU="}},"D4DziKlXA9+X+gciSR3MVpR55v9SuHAjFRM+GGh5K/Y=":{"valueMac":{"type":"Buffer","data":"DgxNKKmtL4oGMVZrqwFEeMnpfd49r2cQJdZc4SML/zg="}},"EFTKQf1K4dOrgYy/kUWXk8Ikn68eo99kcGcvL/+eYJc=":{"valueMac":{"type":"Buffer","data":"xEhiVmTZJjpgKlNfo8rVUA5nbO4keLgfSc+tkWIH9h4="}},"EHRnGeMaaidZzMwkPmoY2RLb9jr5tt/70pFueZXTvE8=":{"valueMac":{"type":"Buffer","data":"QAbGChQmNWgJ/uxkDelylKBhD8FQO8w3ZszSSH3qTuA="}},"ERf6Wv/BxGsjTMHWKVtBTmebN1zkP99p1nASE3NhxYg=":{"valueMac":{"type":"Buffer","data":"rtLrBn8Rcqyz2pky619P6vJp5g5Slg3+VnopSp+aDNw="}},"EXtG0G8KAS1wD/+jYKkQn/e/646NudqepoR8/nyu+NY=":{"valueMac":{"type":"Buffer","data":"gVB444fySzLRJslhRlwZOV/6Uo66ZAH1AVQoeLWtiBk="}},"ElCX0aIi+4ORsymolXVKJoRG2h/1h5Y4e0DeoQ9IFjE=":{"valueMac":{"type":"Buffer","data":"+rckruFMQHyytBvocZydC0Fbqu8/WqGdaTU6bQM6dog="}},"EorRjVdml8QgxAr2ISO7LI4NMorF18n1qSaKx/f1Yog=":{"valueMac":{"type":"Buffer","data":"aQE1/+/IdUmL07KMovi2+hAlxHvmswPRSE1oN6c48Uk="}},"Err2jBEH2iGBUAhSHD7jmlLqEqGWRGfOh3DYcuzEfB8=":{"valueMac":{"type":"Buffer","data":"P18NmPFz11RDr4G89ZvDFojAy9jAy7Fo5loyzuvpIrU="}},"Erw9eix2urYnv9MTD889qwLB1Tw1XpsmcKK+CM6+eEA=":{"valueMac":{"type":"Buffer","data":"Q+uRdLTCpASFEMtdyafI/6h7QjYzs4HToQsJIoczkUQ="}},"Ex/esRBoCtEMo3RwaSPIeG5zwgrFUYzar0eGLqMPv44=":{"valueMac":{"type":"Buffer","data":"xhnbLWAeN/pqWZZszyUBfyQa1c2z1vQ25eUptzVWhyc="}},"E8P0GQKCiLyqd6ARD/gRGgeSvoQqGOQV8HVfMHTYyss=":{"valueMac":{"type":"Buffer","data":"H01s9d1R3HJcuKHGCyrevf8azXISLspEZ+5cZc+UGO8="}},"E+7E0z7+tLO2haaHLaKO+QpMyImylv5tKJhN2y+bv5o=":{"valueMac":{"type":"Buffer","data":"Jz7lv6Ph5sIKlK84+Wxqih59YZj4w53TQr8b2aqepG4="}},"FR/mSqxfxhV+YMc3PBFMWBCEN3iedE1yUPpVYRzm47Y=":{"valueMac":{"type":"Buffer","data":"Ab1qqHTlRN76aFrYHwkdq+TihPGdLy5v1UVTSJH4mfU="}},"FXrQz9lNFRkCyjJBJSC4uKFX5JeUm1Fpn3pGEn9vwtY=":{"valueMac":{"type":"Buffer","data":"2PorbPDKa9IfHTW5OGo6ZYr0IzFMa91IVl6KLctfWIo="}},"FZmo5DwmrnbvIc2hhJ9gJ7pfa+3nmIctC/svhz2FB9U=":{"valueMac":{"type":"Buffer","data":"AA4TIncP3NuT7xn2Gf7d/KWSHRNZclHpzXWG7j6FGno="}},"FbQh04zheQaLeSgTBYXlzhXOMQ7Ci5D3GTqTA8bYW1g=":{"valueMac":{"type":"Buffer","data":"9Pgg+o9i0kkSkr/Uf/pByEALawpm68+GWf0+lyyYVVw="}},"Ffwg953WuDG1VoPHdnFyA3nntVfPwUCTK0e3EKvZcss=":{"valueMac":{"type":"Buffer","data":"HTWKD8cLZvQKXPoik6DtCLjAfT5Z7wo+UmNocQ5YZ04="}},"FfxP4gA/dvSEGWrO58oOQSgtb0xh71/yh7EiHpKPI8o=":{"valueMac":{"type":"Buffer","data":"egk+AbxOS7jQTXzgg/5M/awUVWZ3z2lkiZvvxQNuXUc="}},"Ff/3/2SyUxqzVWgRdLz1bL6KWqxIPIgBWZ6WqGhxs60=":{"valueMac":{"type":"Buffer","data":"hAeExJeeeBr5mD2ye8OHJl4CxwYaFW+2mxUxwJ2D1+s="}},"FgN5ZVUbkXOLborDltiv3JhHesCxFZ4vl8pr6WI1G64=":{"valueMac":{"type":"Buffer","data":"/RzQXXkfOZ7Lu+j0TrQFG8ZU6FYUI7fsWMBmGaKRl8A="}},"F00KIwFiwYQIoURtyI12MLR3+b5E7VeNmGaaL7jCd4o=":{"valueMac":{"type":"Buffer","data":"cr8MzElPDF0xezlbFWQtx+BQnKQ8xPuq+EAeWa6eMQA="}},"GG5QoMoVvOvknN6lVI4lKi0WYfSOByBwfthGXAnM/2U=":{"valueMac":{"type":"Buffer","data":"OY/en5UzrA4A/gN8Zd7kLxOpcJYk3oh5LlVfui2nezE="}},"GS9sdywjiFRXk454ZCPpOMRSXIHU3Yuo3Y0egwCo3ao=":{"valueMac":{"type":"Buffer","data":"Yzn2GE8PrJJ7J6+Ko/KbK/TLMK5iLwZIkxd8MFY4tN8="}},"GU+6wwfRaTi/WiJvP2pcYwOlE7uwx7HWf+Fabl9sH7o=":{"valueMac":{"type":"Buffer","data":"wIre8GcuWIDENwRAYkbOfcFeBeagzSdDD9dyqTD6bg4="}},"GZTOsJWkbQVr3agE5XDA1sN3xLURf7702H4rFfhBQlY=":{"valueMac":{"type":"Buffer","data":"kDXb//gKiifh9UF9Lh3jAwnRoV/wUScInPUHQyrqWc0="}},"Ga7hxc/GwIKJhUhrB7p8UsspG6lA3yBc28UbQodwhOI=":{"valueMac":{"type":"Buffer","data":"SlMebpTrBTPBk7gDRYTvzTsIuH27cibdgx2a228sLGw="}},"GbzTkNdjmTNmHR3CAIbe5Khe4gzPPEuliGyP2CIEYn0=":{"valueMac":{"type":"Buffer","data":"OtO35BwzQg2h4rLin6uQr19IHp1s7S6woNiPzX5CMic="}},"GgRe5Fk9Jr8zh92mUd4wjhM05VEumSqnmHD/yxJcIDk=":{"valueMac":{"type":"Buffer","data":"y9hVbI1Ri+B8/LobBIrQgL7+i6mjctqfQZBRqqmPGbk="}},"Glq0Er7Sqjdn0v136G+DsmCSU/GL1+K7ukHOuTCY/6g=":{"valueMac":{"type":"Buffer","data":"GoLddQx8lbymTSmKj84mZ+fzTGXauX9WjlQ8pG3DK4I="}},"GmIuNY4G1Ol4Syb8gnErhtt/BI65XS9KEyTTmpGT+l4=":{"valueMac":{"type":"Buffer","data":"qEpVSWedy8imiXQqhBDu5pZHDSDdtVnZQM1IVXKdRlc="}},"G/+oFyT3U4BXpaReqWvINSohxh8aajg8yx3mfZ1mTyE=":{"valueMac":{"type":"Buffer","data":"frcEODZLn52MPfCrTGhBmdCzcj3U4Jtx0zj3NOCgwko="}},"HE0HNg4iPJE7Rr6bbw0BcWg+AAC5VPBIWODG2OWI9uU=":{"valueMac":{"type":"Buffer","data":"xCxRKPCN/16Rw4zBRd8d0qk3cr/syLOFNe47afu+uJM="}},"HMhC1nL+6dGAGzi0h276l+J8bO3TW4ox0mAGlYs8SHM=":{"valueMac":{"type":"Buffer","data":"YMNPcwoU6vXVFq7+KGWqeIV+LFDkyxKuO0l0sQ+K4Yw="}},"HkXYiudU8yvih9lskswE8HLiSlee50Mk6dFhHJPdZ9E=":{"valueMac":{"type":"Buffer","data":"JpaVIOFy4PbZIuXMWerlNmZc9mO4QWA3MGX9wIFG040="}},"HqqqQMHxZwMgtCfP0akEtdxUbKcDz1RpjVwYBi47PYo=":{"valueMac":{"type":"Buffer","data":"vUo8BY5J0GiWk4eTyjJ2aQbBx6DddDNjg0LTcqVtOLQ="}},"Hv1A65b+TQNewCUQsX7VEYsftwiNHEm2kjsTQTYjGXI=":{"valueMac":{"type":"Buffer","data":"6cjuasJk65wZfPDsJPzzbxHqrzvfsBue1508Ky9vemQ="}},"IE8rDz1OinIcwR9pkAOKwZ0pJSmDkdOVoBxWAGHDcqM=":{"valueMac":{"type":"Buffer","data":"tIg6HwI1ldNX8HPsIUTcvH6+a1AfdEYC9Z/w+J2h9mg="}},"ILo0e02eaXq04OuUGYL3klu0lvWNKO/9G6TCiGZ9X2w=":{"valueMac":{"type":"Buffer","data":"nZqn9VTw9wEMAW6gW9K+YlvFzZClBuaWUJwpbCvbD34="}},"IS3QR7ui3per2oNolYO6rstN5vs+lx/feCywBtf8ST8=":{"valueMac":{"type":"Buffer","data":"/nyaUuc9xF5k3cGJwFVKaPd2kgFs0idngORkA4AWj0E="}},"IT5r4dYqPFRUF5pq7Rzkp80zEdcIczvHdZgs7hXBPPc=":{"valueMac":{"type":"Buffer","data":"aXGc8zr6wuLT3bkRYtYRjRelZmbWCoM977MyJjWBU98="}},"IdlMrWLamYoWnHSuOtBMpjTKBSOAll38DXviRp5B1GM=":{"valueMac":{"type":"Buffer","data":"5oZ6d3sa5oemjSMEuBgOxdIjUq3xQndB9vX36WVjTeI="}},"IiMX72rRtU2o/iCMnQJCG1IbEeN5un6CB7qArduqDxY=":{"valueMac":{"type":"Buffer","data":"5xaH8Z/yaK3TmNB58RmNFheUrgqsgdNc73PPMRiOuIs="}},"Ir1Upc2Y/Is8wut0a55069SRum5uP8FI25HW32E2RQg=":{"valueMac":{"type":"Buffer","data":"KTHiPQgbrLUSxo6LW80SK53xmEVfoDB5g++nwnjLzRw="}},"It96/myvCThNV3yg+HU0tRCFOE6tstWH7NOh4KqntfY=":{"valueMac":{"type":"Buffer","data":"+5l2jRzXDE7rcxqTIGYCV2kiJ8if8ga+HIqYEF8QLsA="}},"IzZhXczYeJfCB0Kyd3Q+r1HPngEwTqYxag0UcSlnJ2k=":{"valueMac":{"type":"Buffer","data":"hrNKeuqJvFPOmqTfTzoSogaZ8v/00OlFE5BwX0uCovc="}},"I9E1LIM4ZUTh8HvG0aPFqRyvwy59vyCnwN6Xwww+FW8=":{"valueMac":{"type":"Buffer","data":"lxK1jTgrV4IunHnVUPlfkYx6YxUhnz/XnAWbtmG928E="}},"JMMRY7Xl2mKp9tUuWaIg5WeWsxN/Bu4U9Pyl6L4B9CE=":{"valueMac":{"type":"Buffer","data":"D61g3yG73DVcKco10G5qmO9tkezI4jSUo+qWhXIpUi0="}},"JXQtHvP1j1KcMiBKE0mmkWzRjxoeGaGJ+Do3YM5RzjQ=":{"valueMac":{"type":"Buffer","data":"g6Qb071xJPcLwxo9NBgT3tcc0eTMfrxSzh22mPmO+RQ="}},"JiHeR+KoGxrj8sncOJnfvUXZ8RjHRuHKNRJQKmdEPVA=":{"valueMac":{"type":"Buffer","data":"hGoptgoLOSONqJc3ZxDD/nh9BNRO+GmrQoOQsOFflQE="}},"Jneeh48cZ7v8Rg2v6mViAgkdMyWxqhQ37C+ulwisP0k=":{"valueMac":{"type":"Buffer","data":"rpXvxTJRP2q/l9acFuheIUnzt+ORjJJpQF0AyhUyrwQ="}},"J0gocf8Ft2USoP/uoeDvNfn2c0KRRQudM+eLTSG4YTI=":{"valueMac":{"type":"Buffer","data":"YYFGVvLU+uFL+Dgsn/A2usJiXQCf2Iejk0igpd708X8="}},"J8cZTpcdJacb68ZgU76SOvh90dhWkokJn8Hbo+4bXrc=":{"valueMac":{"type":"Buffer","data":"WfPrRTrtZzbmCIXFVo/cJVKIoMcbJDx2CHFCPMdZDIY="}},"J90YCXeAQ1bK2VyRoNsvUYIg12IdYSuPjgHhg4TvVuY=":{"valueMac":{"type":"Buffer","data":"xMTBGM/cEqh+un+sqcX9LtLNBxdu811L2skF65pJcvs="}},"KAK/tWCyN/VzJ9rjxDR6Nuqh1ryJ8RxYJLA4ftKdFsQ=":{"valueMac":{"type":"Buffer","data":"VCILae3rMuI5R18GVqRjBrWNrsxkj4cEB3n11wljYBM="}},"KILjvYk+Kgw8gsPVdjHE5+S/Tz9k9lcvD2btqPlmLI4=":{"valueMac":{"type":"Buffer","data":"XVcgHASNDLcdlUEe5CWpHr6hE8LWtxi54NO8K0noTdU="}},"KKW//1r55efAj3jF9SbbcG3GJLId+WPFje9YQb8wZI4=":{"valueMac":{"type":"Buffer","data":"n2cg9wD5gLwK9ZWTXCY5eLb3n3ZkXZNQnf0kAlxt7YU="}},"KLDG/B7DPVJxya/YBDNM0PnKo2/kkrVH+Ae4iG/4xY8=":{"valueMac":{"type":"Buffer","data":"MJFVz4JBp5sPUFFngAP8I5zvCvpoU9lTEp7HIHveP/o="}},"KSAp/VL7hHEekTnlXKjCArIM3GKZg1Ga9ZibX0qYifc=":{"valueMac":{"type":"Buffer","data":"lUPYb9/AphNvbsItytCWe7yZeuYqw0VU858+xPO7/yk="}},"KSfKnWFc2zQpk6KekXeER2OCa9iUxeuBc+Uoup5lGHY=":{"valueMac":{"type":"Buffer","data":"gjpYdtjYU8LfgRqwrTPOL51r3z53naHT6MAjkA74pqo="}},"KdNR9o4t/aZzbO1FnfBXeFdQUc2Qco+lDhsDti9TwYQ=":{"valueMac":{"type":"Buffer","data":"wQCE8I6sj8XfceVr5mGsY2J3rg/Hdt1vz2z9WNk9xkk="}},"Kk1yJvfz5n8/AYAYCHI4oJA5hIPEBqXv4oKdlEc7cX8=":{"valueMac":{"type":"Buffer","data":"T8H5EAppALH2RI0o4XbEL8w8XHhTnB97MOWeSp8pvtY="}},"KokxZaHV0MVa1dVCGOo3mMVlcIWJob3RR6YuupnBIDI=":{"valueMac":{"type":"Buffer","data":"rNetCvNlqI8OBkqI4DPrzIMaikybv9zDJf/S8cPvyOw="}},"KvOZDXvEZTiWO3B4zf31JX2nWiyA3eV/PrTC3oN2Vbo=":{"valueMac":{"type":"Buffer","data":"1RWQBcy+Llql6UtlgbQPFG2pI04eNPJ8/ZDbyQesauQ="}},"K02qG0dnSO2/822TbWOl4vhKxx1ybvyHDfF3pSVZ02s=":{"valueMac":{"type":"Buffer","data":"BztzhadxcSMsVoUBeW2WD/NWMOOTch8Jt1e2ZOJUHTk="}},"K+l+KWSkkgPnMw+v1kAk4X6zdJgpqIYxdLoU1clkYaA=":{"valueMac":{"type":"Buffer","data":"vkk8HbterW0d8Hq/exGhY9+0ITO5eAN9mx+qPedzZRw="}},"K/KPbVy3EegkyOujExXOztDG17BYVlgnmgKA/Y9+2OA=":{"valueMac":{"type":"Buffer","data":"Keyv/mJQZc4bTz6uLDuzz5dAp1PF3x5jjKPOchD4AYU="}},"LTzUZINHlxmEkLg8H5VRKqgxnRbm5K6rLc1/6y2c704=":{"valueMac":{"type":"Buffer","data":"5m6zzG0VEFVC9RksMtq4iJsRpSC8zw+YFtnJ5t3KOlM="}},"LUP3JEf4zXVNBsIOyJUdVY+Tz1j57sojCXhYnSlKIvM=":{"valueMac":{"type":"Buffer","data":"6wke6zc0H2Sj2F3bqbHWD/iwE10wWJpD6RNKR3OZoWM="}},"LfiUWuXdtjWhVx4IghFh8zGMnSNgykuayNImYx6H5Vg=":{"valueMac":{"type":"Buffer","data":"5bMc1Q6JZVvC/jiN/itWcDhZDBq8MBXEawWMqYH9goE="}},"Lgyrs/fkQL25BwQqxuGwc9nGGcy1YJM0MsJq4Gy9G/I=":{"valueMac":{"type":"Buffer","data":"XLB5vga0oMZ1JZamsGPlww3Pe2WaTHAnEQow8eZ5HtM="}},"Lh8d9ksDySfZvFH/7n25vr16rey9GrCdytts9NS3Bjw=":{"valueMac":{"type":"Buffer","data":"fuj6SKm3quMZpM0rZWROfhgv8LHpGWdD59tmdVAFi5g="}},"LiMwM76Rc8toUEzUQbLXjnrV4MLMDDo1vyClfvxCV8s=":{"valueMac":{"type":"Buffer","data":"xvkhPvIua/jFlpbN37H1xwY5n3hAwFuLvEVlguq+MDw="}},"LvGrEHsw5je6Y2QtPz462DIYWqRCgMnUETCJP0Ri2Bo=":{"valueMac":{"type":"Buffer","data":"tBFod5LcIAHJ+Caybh9bckVpIP0dhyKFhyDF6NOPwic="}},"L9uJPf1ZRcyzJp1dQXBaFqK9FvXB4ydaA0vR3DJ0uzA=":{"valueMac":{"type":"Buffer","data":"u7g+VaDvjFoBW4mmJ/XiVBgcXmi1KrH/xcXjdRrXBUQ="}},"MKVKrf3b0CbNjMZy0OpFgfhdv3VHIo4CDgqFMkf8oyw=":{"valueMac":{"type":"Buffer","data":"yN3L02KzagP+fU6QuXMoJA2QVFlwhPhVilrP3bMj2+4="}},"MM6eOTsUblk+y0NP1mBaNt75alwXTAZTYBpGlVzD3A4=":{"valueMac":{"type":"Buffer","data":"qmhvQNuS53PdbRXxSZXjGskB55fWkyxjuech6IUrCdo="}},"MazD8gQb3Ff61taKO3cFO8bD6Hr1LLAhqVgiq1BEIuQ=":{"valueMac":{"type":"Buffer","data":"AreWbSg8H7RwAA+QduavYO7sRpaqg9nKg1RPzfggU5E="}},"Mb1L/osmZ6zJG1HDnEogQBGyLoOFZWDwdCRBbnQgmiw=":{"valueMac":{"type":"Buffer","data":"ds9PBT0Sahn4xp146JcfQfUeD/4uTq9pet1QF2nflrI="}},"Ms1yAxj/twIlpc27OM1bPUSpRZeMezVaKWzAEHU+oPg=":{"valueMac":{"type":"Buffer","data":"sMjxAW+b5JZjot5d/yG3x1YzRNhh82bRb46ApQHCj9M="}},"M8d23RXtM1nAtkXi56TnTM1Lk998Hd7eOHG2rhzhbIE=":{"valueMac":{"type":"Buffer","data":"9MyjbB6mHkMs3pNNiut26ByT3H6Bo10a7bGOjjuOeWQ="}},"M/V19mK3WuzQPVoe+8GdivILIS/TKBfVZPRJWWuD65k=":{"valueMac":{"type":"Buffer","data":"LQo97qRhpbdt1VnMk+gtqwS/WlSStVYo2JKAqhDvO4A="}},"NFk2p0H2EOFJ2rBXz/1rmv/F05THtsrniXDQXNFtbII=":{"valueMac":{"type":"Buffer","data":"bA7jpjPUrt8w2oGKHGnvELu8AKmHoy5Wp5nSsNBQFHM="}},"NM2CBfQ5wmrb3UYEDuR7kGhNrZW/unqoaqYqLAGA6rE=":{"valueMac":{"type":"Buffer","data":"hj5uktX6rSkRDfv8Ef5Te4LOoMKyXdsyH2UcxbGlXjs="}},"NZEBoVDof2wI9O7eZCsMnFQDwXzputSDhjNNQ2PcRzI=":{"valueMac":{"type":"Buffer","data":"l/yy0Z510DU/D3J15WUHsb0gXdHLkdvtLAO+CdsA6ZA="}},"Nd3V8mmvTMtUc8IDG7D4BldBcyyxZ9WG8rPm75zXoHU=":{"valueMac":{"type":"Buffer","data":"VI/22RNGDXXKLSvyX4ohF1I1ao7h3MHGCy9VhE2ca7s="}},"NmFkQWOH5mhkIBmFhTUrkenwtNJqVY9mpjPUxOXmq0c=":{"valueMac":{"type":"Buffer","data":"Rwb6dkP0VayTWG8jXC8kiULWIqAmy/QtFvUaMkAjuTs="}},"Nmh9ANOWDsMY3+YwAtAe9e8GpPMX9DTdevcZBZVXFKQ=":{"valueMac":{"type":"Buffer","data":"dR3xR2wihr3xInx1nLaK6VpgJX3bgLYgkYH9Hk6pHjs="}},"NoBgqDMABHdzd+5mnd0XlXb06uWord2sOU8clxQr+KA=":{"valueMac":{"type":"Buffer","data":"8o9JxYvhzhgXzx0AyTd3uCCOVDm6zxYxci7XJnFS5pg="}},"N2e+Bp+zpt30a43i25iPL0sCZ5caGqOy06AqaoFvwfU=":{"valueMac":{"type":"Buffer","data":"rNQxVqTK5104K2X3kQwKHBcBWs7oaBORxibc4jy5y3I="}},"N5uybGb2BggomfMKIZ4jAToPnTtYzzi92Ixy7RWSmAc=":{"valueMac":{"type":"Buffer","data":"tNQotRj5tHAHo/mzlIijuqbDfgA108+256j/6AVgZXM="}},"N9E4uK4Zao5cTRAQ5ZZUsrT+RHk/MuikGCGbKHhOZZY=":{"valueMac":{"type":"Buffer","data":"pdRiLftFtl10FXye/zPkHcEU20CdRceXsZZSCMtCtfA="}},"OBcyx8Mud1rmSowOXRlCn6+Uk8qBqyNbY6POurv4tX4=":{"valueMac":{"type":"Buffer","data":"0kU60TnkviYwVB3t+Zh0EkXf2hR0ZxyMnE4Es98+l5c="}},"OES8L6vx5umqcyHKqV6IyN35XBXdFL32t4MchVzI6a8=":{"valueMac":{"type":"Buffer","data":"Vx2O8tRh/55Tb8bfT+hf/9/qyJRSEcfe6gNM0EUQx9I="}},"OIFM5AmgHrQW3wwemyAvi7pOqGhqeSY+sDBdUod10f8=":{"valueMac":{"type":"Buffer","data":"6I/79qzXpnTe5mXYfeeeXUfarNd2tP+VtqwarcQn4Ss="}},"OsBfarPaqOuYcpdvqPtsN13Yl+vgNJ9JyNfhe+K9Dvg=":{"valueMac":{"type":"Buffer","data":"et15Gjg4UHFZoarlfXD+BjsxUsedEbnQA72zwKeuOoA="}},"PI2e6Wmpi7cRRgPTj9XIYjKAPN00oWwK+rx7Q3/lVh8=":{"valueMac":{"type":"Buffer","data":"l/ExscXSO9Xu3iXlt4JaBzXXif85TR88t0HrRFOBTgE="}},"PmS5vmSGWPBfuHQamGvsZo6m4axsi4Vu3EgUvw3IkJE=":{"valueMac":{"type":"Buffer","data":"7PcG7tsdTjIhSip7Fe2MKGxn2Rh+ydtJ9j/yZbf12nQ="}},"PqHbT3R/39e1tTOj2Kx/lsSTZ822k9u3XHMF60vMD9I=":{"valueMac":{"type":"Buffer","data":"WjpQU3/aumejVz3Ka07bHauFa8hleDfJTfWVjzOD0gk="}},"Pst8N8Eotxoywshxd3QNbaOx9HVA1SIGUUwj5ju1ZOA=":{"valueMac":{"type":"Buffer","data":"XwSPA6qVkz8B5/6zsBr5ISLXUF0V6BybosyLx6T9rYg="}},"QJFej6ultcJFFq0aXrMowNM2qJYb9QBakCs6UHVeFlY=":{"valueMac":{"type":"Buffer","data":"90uevs25JXJRiOKu0JwmxeConXqRvPeox9ZWiXzNH0M="}},"QLJco5MP1bNEIf6uKNt6nCi89Nm4gicxl3XbD7URJQg=":{"valueMac":{"type":"Buffer","data":"Fah6TAACuDBT2AVdCwm1nKlApVCUgURyXloYu9yL4O4="}},"QSnPDovHyCKStmzN/KUCPHPzL258RX9Ok4ZF2dcfpe4=":{"valueMac":{"type":"Buffer","data":"AYKIagDHLL53LxC3xmV3BfhoE+JvUf7llmVZ+Qf8M54="}},"Qc8IlW+LivDqsnqIvZpoSFLya2wRQbbjfJtQeYPy8C8=":{"valueMac":{"type":"Buffer","data":"TVu6L0GB0dbUSZr44sLCA68eUfGRWrHciBy4yfpAU0o="}},"QtXd+azBmjJ80x564ikQCC5YWIq52/aubZwy+0DE0wQ=":{"valueMac":{"type":"Buffer","data":"TOdb1uxIY6Abjg7yVv5y8B4HBdG11pZOtX/07T+GFOA="}},"Qxzl8TSbCMcuMI2lFXNu0JA8nL2MTIsxIJxRHe3GalE=":{"valueMac":{"type":"Buffer","data":"YufP2m0LsHbP1n/kVksPESKHKtBDkmW+koXChJINN9k="}},"QzI6jDLpqMP+IwtqTfwRRIyUMs3id+WKUHJT+Bt1+w4=":{"valueMac":{"type":"Buffer","data":"ndWsesM70Bt0+OypapXVOOPHhuOuzLlgdXeFzLARtks="}},"Q3u8nCvO0pPxn+eCdINXhRWupNO9mLIdBrHJXrwmTqs=":{"valueMac":{"type":"Buffer","data":"777ahYiIkh3JYrkUu/JxIXko+2oMfHebuNTF5R1WKRk="}},"Q48ckCWZyCKq7d35Bu5Jp+Z/SeGWPSTM9Xt3y7+7qKM=":{"valueMac":{"type":"Buffer","data":"lCKTMnRaqcfwOWuJQ13z5iLyZso0r0rqxGBeos2RU4g="}},"RAGaDsNozCOIDURrlGfA92HZ4J6zS2J6K5ugXirmLSM=":{"valueMac":{"type":"Buffer","data":"5qwGF3swKzZs0bgDV3NlkBaAKjwOrXpWL8tYtPPixWI="}},"RFkSg/6iEMnjFD16OUqT3JfIOzFPVhv4wJLfDrfSp7E=":{"valueMac":{"type":"Buffer","data":"SE8+VWid8Jl8Ns72izgivx67tHmScYC4g4x+xxHUZwc="}},"RV48viDJjeT6w6hhtRlCrex6EwMdjiZSEd/UiUE7/UA=":{"valueMac":{"type":"Buffer","data":"C1LmaEJKLlZvufpqey0U+u9qVmKkJT50cGQZYWQcp0M="}},"RnlAYdQ9jCf4cNbpsORZfybeYx7JApXQP/XD4jC35mQ=":{"valueMac":{"type":"Buffer","data":"pHgmZc5hsMzK8SB8s5zdiXWxidxmORvJzC4E6aeoH4s="}},"Rs1g6wtsZK9lwuYqhTUdQitYXT2Fg4WKT/+8zxMcWMs=":{"valueMac":{"type":"Buffer","data":"Q4wjQd5Z0/iaZBzXR81ZhzPYiKTOE3nfIQa8Pt0GbY0="}},"RwDEvO3wk6TkJ32uG3LZz1LGLo5T1XQ1XK6vTXON2CA=":{"valueMac":{"type":"Buffer","data":"z7fqCdf5H0aDIgqH2yWQKK4WYd7y+nl62JGlXF9J/p0="}},"R/B7bwL6ht1esfMEpy4DfpO+ltLIn5DeAK8plwI9ljk=":{"valueMac":{"type":"Buffer","data":"NNUYQh4CpYlymgT5/XC1X1qG/fOtL+fgrDFvAOM7yJs="}},"SDG1aXEZcaI82M7q6batcQG+SLZ/MJ94XuO1BNmAsZ4=":{"valueMac":{"type":"Buffer","data":"+uzB2/Qjw9fZFW9wGSjt1H+EP526nTPAUQl/5WWnjlU="}},"SJqdoMo8Hv/nqfQylhGXTa0ByK0zxrDhwI50n6B8DEo=":{"valueMac":{"type":"Buffer","data":"cSoIZTJ6SqoEd+NCRunc7fbnyduT58wUjL9tjcQ46aI="}},"SPznpUBP08QkMxeqcqM3z6lmsABngueAOsV/yq78D48=":{"valueMac":{"type":"Buffer","data":"gUwdEAiR/b+C14W2EVdkNcyN7z6aafEgoQqmldfvOM8="}},"SQDLBekmW18RtbqQW05s8p3nIwzRlM5WAWbtO0FmcXc=":{"valueMac":{"type":"Buffer","data":"opWB3hqeCC2/tA8c0N3pFto2ZLjhZbMXvXfZ1yZMHTg="}},"SXTJftJ3bKsG+iBU96x9ueHzAQuGf8yGhVDa60CsUCI=":{"valueMac":{"type":"Buffer","data":"tsxCt3HBXT7//MBAv/SKOQUU4d6UCrhppiHPQ0z6G9w="}},"SXrgGPC5MZb/QXo7onLCndWfGu6ph2nz5jDa2AKnKhI=":{"valueMac":{"type":"Buffer","data":"IhE6JYQjwNbUeKVh+vy1hxU2Y0k2dOuMzJLNOxub3ZQ="}},"S1AX4DSYjpsYGWZFGb00O2m6XhmRykQ42uzuARvTiIo=":{"valueMac":{"type":"Buffer","data":"/zjUBSI1c7T8X5bCZuD5ZdGWog/d2k75q7PaG7sgQnI="}},"S89WmfCWCYRpMaxb6QSpCcx/yxSqp7xmmaqRTdxi3bA=":{"valueMac":{"type":"Buffer","data":"D+0iTL7YSIug3aarty8m0FPc79UcS1sSriyFy20rpHI="}},"TI5uOGa5vwVXjOG24NuDgp6bDhFCN9xmT1SExtGiy+w=":{"valueMac":{"type":"Buffer","data":"mIiLQk/rTOf7LPbUQTmAD6tfZwVnKWgD1X4Rxogm+lo="}},"TL77k0byAmWbsiH6exKXWmqhe7hjEMXH/+4ZuxkOpNw=":{"valueMac":{"type":"Buffer","data":"D6NM4EKaj1IFPowtzBCccyv+i0dUTDHJXjumGOhFo9U="}},"TXpF3NkoryTlBsqJ2fYk44sSIYaQ4z0c7hbWPYN0ac0=":{"valueMac":{"type":"Buffer","data":"GlruD8kRSBDn37Ex59KIzhXR5PAURTO/Szk5DXN1EdY="}},"TipEremNWvD15w3dkGWHcfgl/NCMhpm2pgSN8p5iVaM=":{"valueMac":{"type":"Buffer","data":"gw5LOjfL0vzdimWgLY8uspGLhcw5vCS7KT3n7PmbfVo="}},"TqVnbXqZ2vp8eQxwupofbxX6EcK54SKynLTaunjmeWc=":{"valueMac":{"type":"Buffer","data":"AGFCI9hAHLkLM25uk/XBEtlIyIAJnWv2d75puLIh/X8="}},"T73DIE0K9u66xXkdWDPIK1B6UgXRyKuZFRdQaPaKORY=":{"valueMac":{"type":"Buffer","data":"o83dbQrjioMjROsYUyCz2uQ5B37Bo+lpCyONOkzuEyc="}},"Ukle7r49DPBdB1DLLUEKg5NDO2+mDRB5KLRa9WYIi5Q=":{"valueMac":{"type":"Buffer","data":"bcU2N4ZfkplVBcukmG9qAHzDescxpQR9Wkug4CpbYGg="}},"UowJ+g16FPo0890lLBaKLP/uyP8h4owgHCYCc6xgHd4=":{"valueMac":{"type":"Buffer","data":"mZ4TFtWoNQF3vHjAPaENp/f7kS5bKt2pH8X9GWHcocc="}},"Uqyw0C+k4jnXNTCOJ42df8dLYKSognF/GFLJHh+0yP8=":{"valueMac":{"type":"Buffer","data":"H/2H1xA5IQVSZ0NjQAuXEYFwf1aveSsYY18Q1HU209U="}},"UuT1U0OvGVHpt7E07xum04NsH0CGssWb2YD+bAWKnQg=":{"valueMac":{"type":"Buffer","data":"mDfnd6TUspfs+lN++0Csa/nx4WWD4e5X+D83KMjyHI0="}},"U3I8/C+cayITHHxq2HPPrMIZTHsZaTEpz6ViWux8oKc=":{"valueMac":{"type":"Buffer","data":"XkzRufcyBFcDCnC71u15qYGnQLcTn6fVfr1WZ1hDYLM="}},"U7nC02VPl8alD9ANFE4QqJqAGigctN+qPlzKGBalzIs=":{"valueMac":{"type":"Buffer","data":"Rv3mRXFYH1zJEkITufuYlefJO4eLaQw8Ak4RJNPyt20="}},"VD66daW+RzfJTgdqOVYjKEhqrdTXUXBlExnB2MHwVRM=":{"valueMac":{"type":"Buffer","data":"RI0zc38vytiEigWS/xRR01X0goJ48QM4vaF4MXQO8Ok="}},"Vk3b1Mv27erfT2gnI8twB8AgyZgUqZZli059gHFfIG0=":{"valueMac":{"type":"Buffer","data":"2AQI3+3SG49wfz8sb492ky8S8tCKWOuMlxsvfrTKHTA="}},"VmK63o5VQ75oMNjJptc8qA0R5wzX5WBChkt5Dk1cgNM=":{"valueMac":{"type":"Buffer","data":"R3ZC1frH2HfkXimaRB9ByW62XJo9xzUdvmiPb8oDaEw="}},"VrIUpyMF41bOUyd3cbEwtSTTtEdtQeCbpmTZR6FhF08=":{"valueMac":{"type":"Buffer","data":"a6tzfva+FT1eCcHFuQpLeklIcamWVTr2wUoTrPwp+Nk="}},"VyOUouODHi4EU+hHxyZrRyDg5Ju9QTCTOqgjsaerRgs=":{"valueMac":{"type":"Buffer","data":"oJf21LLt9BY/tvQhg6XCWo9ZeEuhbmaKj8dbsQm8338="}},"V4YmYMtmW06Y+SoXPl9xtDAZkrCcaGpmhz/olXH7Vds=":{"valueMac":{"type":"Buffer","data":"Nq8F7aZ2+egpHzVaqllisHJFhknfcr0zphK2yuZJN5E="}},"V9k/fiTXOjV8cqAi9jTG+szstyUyWguUZMf/SVg+Ixk=":{"valueMac":{"type":"Buffer","data":"Mf9tBiW1GccROHmJRUSgEkE79ScdCcgt7GhiARMzgxI="}},"WJFWpR1jk2eIYqmiwSuPwudhhymND7d1Wzl/q9co31k=":{"valueMac":{"type":"Buffer","data":"3XCVFary0YK/h1FzQeD4eKOMxi5zEtZKOM3hDICThJs="}},"WdyouiafcaFC5MQcD1O0qshUNuEsozj+HusfkMf6ARg=":{"valueMac":{"type":"Buffer","data":"gUz3nnym7ra8y3nU0QdF51fsSNt7CYK1uDIQg4zrs3I="}},"Wqd1aNL+SnGvktTg5+7RwUkw21duaL9UIz+jFXCavA0=":{"valueMac":{"type":"Buffer","data":"VZ3pq9AnGI3q+JvgZSqzXuERartMBLvd/os4aBFyrWU="}},"Wvf0eWRrlUNNumG6QlKOXfWWfjrcCjdB5JS40mukBJA=":{"valueMac":{"type":"Buffer","data":"J2hs/qIHpbn6Hf9F0+8ANnf4uZ7V5sTG8xstJfrLN9w="}},"Wwm97yplRP6PqGiT2XTCbpr0itwNLE3Y4rd9h64tyNs=":{"valueMac":{"type":"Buffer","data":"Mv9DXXY5pv/WOrwQL53V6m6SwR89nFdjO3Y1ofbZgxY="}},"W3yulYt2wpBGu8YbiUX5ZqbMA6AdpgQVfv0IPrX3kpY=":{"valueMac":{"type":"Buffer","data":"MBCLdQpKdbhTgQQ3i4ZU/YxRHTRDoxygFnIdZ4d8MUw="}},"XF7jIbNoNldrwGIo3Tiplfl7ssr94gB8avy6pmWJKTs=":{"valueMac":{"type":"Buffer","data":"Ch3Y/3u2GGzh00wURr7F41K4ycWPIUBdm+CQrZFLf4E="}},"XRBrb+n+dgoTiq1+aSrjmsSWKKAbkQyJM449fFegVtA=":{"valueMac":{"type":"Buffer","data":"qL+HVYJ4VTQEj6PVqap7qUMtkeO9OD6UBCC9Hn9/AxY="}},"XWilgK7OJGpBFVdmkxa4kpcampgZyUyv5hLkRpGGqQM=":{"valueMac":{"type":"Buffer","data":"qiEKLuVGh5DlKtw8pf0DeaV9ZoL/WLFB/j1Y7T8BIxI="}},"XaMDkgfPHqm4yog+/3fs1F2vkrNG85a8brc8e+lfxf8=":{"valueMac":{"type":"Buffer","data":"vsaZY7+SSOgsIjylhXqw02CjssbADrgkQrsuGekPIHM="}},"XbMO1MttS1Xj6ht95byaHaSa/MUCLeylLUnsSe54xR4=":{"valueMac":{"type":"Buffer","data":"GHTu1xMWipZZED0dG7TMTOh62oWeDX8KR902BX06Jt4="}},"Xh8fr9D1Q97ZIHAJ/kLz5jzpl0xqCcclCZVX8vftlrw=":{"valueMac":{"type":"Buffer","data":"cmoavjV9TE4oVGWmQfS4/M0ibN9zKSWSP+lNSPawU70="}},"XmT8b+s88HYWhNcNjd35hKUCjALSsamhlRPm0HnbqoY=":{"valueMac":{"type":"Buffer","data":"H8Ypg60m2Ifx4gzSx0xS2XGF69UleUZ0xkHKfttDARU="}},"YmrcLTa/AKlWKS+HTlzgIlyFStC85UqYS8PhiekBSoc=":{"valueMac":{"type":"Buffer","data":"N2enqUytWqn9Ui8Iq8kP98ndgzGdELq9YgNutTDsdCs="}},"Y9Taomte1s7yu2dv+cJC5kzgkLrCn4D4+0TQYaJwyS4=":{"valueMac":{"type":"Buffer","data":"Ih/Qe+z81r0IeKHCJjm3hZxF1RFCd1ZyVCg36gV9S8M="}},"ZCsdyKiLcKRXuqktnbG3vz8NFpwGKNx5CMuouBy3630=":{"valueMac":{"type":"Buffer","data":"z29ThxcVAooM+lO1yTc0AvVd2VbdiJrz85Q94K9s1M8="}},"ZJE8pXC61CJFq3v8v2RDrXRfrjCboj+Us9rWEwPcH+Q=":{"valueMac":{"type":"Buffer","data":"amkfxRV2Uv7z2qeJaM3GpTCNwF95fAvXDCh0S0QDSos="}},"ZoJMC59svUfBbJsn8OC37gmppTqd1ePsNvm9aX0xAi4=":{"valueMac":{"type":"Buffer","data":"CuJiRJZuNInrNwnCurSnuC2gm7x9NisyW4oY3AurzXU="}},"ZtqLUWiAPP6p4e5sCjmPExdex4+3TxR4WPs4Op6llmw=":{"valueMac":{"type":"Buffer","data":"9yNK1FGw09IvuwY+/UVAnJOzkclY3sntvVVs77Usi9E="}},"Ztub1rAuNzqOjbvPQuKZgyM4QnL2keBQMxiQaxBXh4Q=":{"valueMac":{"type":"Buffer","data":"oMj1vGSLn9jCNqo1p0Z6vloYT65JE8v5JrZ+MuH1kk8="}},"Z23+vhXf+8dy0LK4l126OX5L2pDFl7TuggGRZfy+yeQ=":{"valueMac":{"type":"Buffer","data":"kPs8noLUFtVKChzB7v+WG2vyIwWAyHvwSBvdJTqK18M="}},"Z3ojNfeTGCRe7Kg9Ohusg41wkEcFt1nf1sWZbdxlMIs=":{"valueMac":{"type":"Buffer","data":"akAYTBoyKHSGl1aqcqXO74KewsgwLoyUV0Qls+Z25i4="}},"Z4dq7ia2mULviyGe77Cz938JbyxTS2BHbcTRH04lGfU=":{"valueMac":{"type":"Buffer","data":"o+3avcASSRRsynlYTtcxWi/e3Idjd3ifrkg7K8Hg1l4="}},"aAbpJEJRsGkHhq94G6pU1WdWVlUctXKe7swfe8QKI6M=":{"valueMac":{"type":"Buffer","data":"cHjdt2ECT6pvbxE220WG11fYRNQ3bnuiL24eQuRq954="}},"aG4drg9BATV/hLE2cWTfekqkR7U6vfQJ1gelxEQ93Gs=":{"valueMac":{"type":"Buffer","data":"K429UBpNGNe9VZgxsHIMbLk0C6ghC08MCUllV3ImwNU="}},"aHh4KRqoh8KcpjyefhRPefViMUT5l+c38LKWLYhdLKo=":{"valueMac":{"type":"Buffer","data":"pNsiUAzLkoDZhzJBbtMdefwul58d64n3bRk7G5Uo2sQ="}},"aID92yoO4cXpZQv1Y3m7wzmMoIL60WA35eR4ItKXiA4=":{"valueMac":{"type":"Buffer","data":"by7rEc5uYdw85+tdOfFAixpqhysmR3vZk6+YlXIKq7U="}},"aZX5rALxZ0i/xATfHO1xmx9zMMUFjW4FxdQh9CNidIM=":{"valueMac":{"type":"Buffer","data":"vWYD0zV24SHcnp1HVyyAXdXWBnmPeMtbOigjbaNG7ag="}},"ahBGYESBuxwBYy3FnRKb1mfstsZ8V23DSVcT0NLbIVs=":{"valueMac":{"type":"Buffer","data":"bOxbkttUyIG4sGiwDAtPqi982jRz/dO3+O07e+I44GA="}},"aqTK5PSiGlvfWU/TKkWNCrbJAfpYSL82o2XmYyoLuk0=":{"valueMac":{"type":"Buffer","data":"Jdny0jHcsHCTWfafHBQt1eFTF5zoRltC7F3ZOmZOSTA="}},"au6664h5iLjGDBiLmYUy8/9kwCMSK7XLwuXXNjV3k+8=":{"valueMac":{"type":"Buffer","data":"2LYCyMiyA7PrnbDLxjQB03Z3qniyR8v9rY07X0sPAmo="}},"avsFCzRACrUALdhF3d6dS9oCqHAxVt03pFRujJRfYgA=":{"valueMac":{"type":"Buffer","data":"jZ43hW2tAzFbiL+tzbkZzsGI7C6eBUfefFwrvudFym8="}},"axoxt0Qx9+YsjsOzpw1bpfKWJZKoL+O9hn+yxCge1Gc=":{"valueMac":{"type":"Buffer","data":"P35cELxdbkGDfKwKzHn28t9YFqJwtpAP12EF2loyT5s="}},"azvYaz8vPPTjFqGaqz3D2Ypw1fnEQ3yfEtVLDpQrx0U=":{"valueMac":{"type":"Buffer","data":"FREf7ueuaZCjyo0YwWCmbzFmolVl4UNJT0HoVDqpONI="}},"a12A+aEl1EpbSuMh62v1gb8+k6ewa/9Sq48ypjZhUQk=":{"valueMac":{"type":"Buffer","data":"B1hR9uPtXUZxACIbEhsV48IVeWLcv9hMrwwgaJVHIHY="}},"bBdtB/RhWXvegx1qb1EN2EhPZlLs2lBNszkqfi/sMGg=":{"valueMac":{"type":"Buffer","data":"xu/bYaTjTyVpfyJDN5g0BSHTfIDqrNqX6bKv5+uRNUM="}},"bGVsDKNAwyXXYGeWNNhhX3S/SgAl9LESSmGMkQ9WLgA=":{"valueMac":{"type":"Buffer","data":"OgtLeAH0himyW8knQQVLIs4Qc9N+WZVAw0jRXhkhNO4="}},"bHYQW7caVNYI+e/tzv1C2epxohh6WaqeRpibswGn1DA=":{"valueMac":{"type":"Buffer","data":"q/96v6j3Gkfa0pJ2BbsQiI1dVnBsmdliuUdrc53jzSM="}},"bIDegEq+/CCu156nSLbtuFiFX3jhZdcndpCUY/8uBXE=":{"valueMac":{"type":"Buffer","data":"DNsIoVeJYjl/k5slGPlgPih+tNS7vfz9ompOBMJnT+c="}},"bRYYBi0Hv12hW9g+eecYrklffNGylLIC5dPm+0Z61Ro=":{"valueMac":{"type":"Buffer","data":"yuy4iHqiAspEPiJDBN9QKp3HcWTAYFV9MTLD6bL2KF0="}},"bRxjiJ6wlid2ZmmCVcN2jkh110oh2AqKHgfr+yrrJvw=":{"valueMac":{"type":"Buffer","data":"V4vL4dGDtkoG+EVbPoNqbpSf9AMccwhZSsKwZPyw3lI="}},"be1o5qJK3RjowgbxH4aFkwPYpBjYF4z+LtbNGTLlLHo=":{"valueMac":{"type":"Buffer","data":"ZLOMhRwbGD57ycoXGz22kBBfvc+2t6ayp8kYj+7IvW8="}},"bhwmTxjnERVzzTxKpdz++QX/K52tdFoJXMlM3ywNmjQ=":{"valueMac":{"type":"Buffer","data":"GyoMcE8Qm2UZAc+J8Tyo0NKrP6mI4YjRa6Ew3Qttg2Q="}},"b4JXIgYjQJlllIpCT8+Bnl3q1tuxNQ5yjrHGpR8V2hk=":{"valueMac":{"type":"Buffer","data":"0Gh4wD8UbYzAcowWbuYwmvJh+BXtaQIN3ABpNydLZwc="}},"b6xXzfNbm7uPQ0yiojKGf1IQm3c2WJWIDyBkXw+0wy0=":{"valueMac":{"type":"Buffer","data":"yuSHMPaUidDWOslkKweK9xg0uHxunvlU3N7TcONQYS8="}},"b/8rKaFC52f7iaoL4mTCVpla8AgYsxu6AZ5HFpBHgWU=":{"valueMac":{"type":"Buffer","data":"6ilsGH7xqbS8yRuOTEmv4nerPkWxcYnmBdJqo9BxRqg="}},"cKOmUPp6GjEP3KT8ClnHvWCSrf5U2tiU3bwwGGT+iCI=":{"valueMac":{"type":"Buffer","data":"IGTHQzLi15d+QRf/Wwv5jMpRmgkfZzK0u+pD9E8OrJs="}},"cLRFuj3XNKvrcI3p/fL7iolBotR7iVkiZi/wpkpkhn8=":{"valueMac":{"type":"Buffer","data":"2aKLKl0jTeBXiPTuAIYx8KtcvkNJYLYSH45cDb7w788="}},"cXHC/Na7FhzpHiJvO8BOZkBhm8BQ/BAapjL++lEB9Nc=":{"valueMac":{"type":"Buffer","data":"JodYU02+P9/oQN+XAzGjnj98Z2DDnR2zE16pMpprjfA="}},"cZXiqzngzJNxQ9HYct7IivY9DhlFkbh9kr2jscvDGLQ=":{"valueMac":{"type":"Buffer","data":"S71gqIDHtwWPvnJGuPbjJuWwCnVhKvzSzVUKj2V50MY="}},"dAhUjp9G+zGlUGTPqIOQplLbgIELayvFAwGS6r49sSA=":{"valueMac":{"type":"Buffer","data":"/H0PEcsuEd7hpB+trwf9VLqwzSr6vqw/1GFy4KwnyGw="}},"dEwg27oTP7VDosRKjrl8JetudvxZH5H6GFSSEYSW40s=":{"valueMac":{"type":"Buffer","data":"pSQkAuHjnWhff1ClvWSSYdmCZpca0JzjiKY4M3mcmkQ="}},"d6Mas/6BF8B/kwAh4AfnBLBZlBnnp71u2YciRAni/zg=":{"valueMac":{"type":"Buffer","data":"oZmqD0v05tHkYBM0Z2N8nS5tGKkqmfFFhxr5Z539pz4="}},"egYqf0VlWJM+dR3peqsa0OxDj8a2f2eBanWh685bq1w=":{"valueMac":{"type":"Buffer","data":"93PgqgYDDdODXh8U07rAN5PLkRDYlnY/vxQAR8YfW1s="}},"ehUn7wMJetdLEpy/UR49fd0XUc14XCX9lbHLv9cSnEI=":{"valueMac":{"type":"Buffer","data":"azPRpfiKoBtsvGnjMFz4mdRHWqNQudEQU9Z5UIuLjBY="}},"ep9CdvC1POmc3/s+zYrXG77FxEY5lZGZZI4eXuRuqxo=":{"valueMac":{"type":"Buffer","data":"bLs+K6lQzSEF8L2LN3dyLGLUYIBgoyaPdMGOvnJBncE="}},"e05ZODMhmL42S1kZntTupaXk4t//R0g/isPbEMhlVY4=":{"valueMac":{"type":"Buffer","data":"1ZjitVHxxTkWkTqSXjcRJ01oHMqzbuRCQnxwQxBDNY0="}},"e1vKA+Bopemp85arw9i30v8Co5XBmU9PQkYOsAuvx/o=":{"valueMac":{"type":"Buffer","data":"IutmuKtVH4Bci+JA3OHA/AmJ3uYUF4Fzq1YqxjTR4ng="}},"e6Pbuo6DHq0j9ZuV7381BUmcpApFsVvRzND2aeak8jA=":{"valueMac":{"type":"Buffer","data":"/f9Y6R4PeUfaKTzuPWBnyfukRkpHanhmK1ekArgw14M="}},"e8WbStR2k3sZzdqq6F2V042mrG/bxa/A+uBEqt6PDiQ=":{"valueMac":{"type":"Buffer","data":"I82D3G54PxIVmsKNtPpGXXs6yKzXOjzxOi9WPnr4X7A="}},"fKwsrmgUgi/C28K/EVJfYd6kaz2GZltEoqd2tm2hnq0=":{"valueMac":{"type":"Buffer","data":"a+jA7nv87x1kHYf2+lcalW+UKnX67bnfKZpV+Ko7Yls="}},"fPztkfn3dbH+5fNIHfhkkr3IphUxZK27y6s1eWd1Zv8=":{"valueMac":{"type":"Buffer","data":"Q54p009cVRUSW8SHLprfUfGU5N8A1eSB777ipGt1Nns="}},"fpuJX+iqINNQrTi+PXFGgkNInY5tDLLPWcqosI1Zr0Q=":{"valueMac":{"type":"Buffer","data":"xWLYm4wWS+YdEJOu1Tt37RTrhiVJL51pehIWow9eAJw="}},"f4a4V1x2Sl20E7JPzt88+i38oF5hM3tNpTItDlwohuE=":{"valueMac":{"type":"Buffer","data":"+/GcBFpZlS/GBNAF8WeRbyeJVi4zu0LgjkheGReJHeE="}},"f5uiFGJ6KICoiJgtg5GVMmIYmiwfzar/Azp1VRfBmWU=":{"valueMac":{"type":"Buffer","data":"QctBbIhUCwpsOfgW1iOKhRGaGYkMGxFaCjyfPhZf0Uc="}},"f/DdJNtIU0tgcvq79AJ2WCGGjrLtFTwCuXB9+5fUwx0=":{"valueMac":{"type":"Buffer","data":"2XZlouRtzg6kdjtfmPAygCaZvTqQ2z2RdcMEwL7UTIU="}},"gB104fXDB36b5rFPO5Z/I8GMKFzCg2ID7WmFgQs3BtI=":{"valueMac":{"type":"Buffer","data":"eVFwHukmxWJUtqz3/LgDjww5co9BzENZPDtVWztJUec="}},"gFrCU/ATFgOFK/Ua1Gg8XwZzGDaBRpL63tYbYDz8tnA=":{"valueMac":{"type":"Buffer","data":"w5lBf4o7nmDcKhCUvrkQBVK780xVab1QhEMp3wa+Ev4="}},"gmbWPtdyHMK9PfkbXTNWP+lPGK8hFUwxCuRPgvXZiFE=":{"valueMac":{"type":"Buffer","data":"gdZpawK511zRMM6lggHVlJClqKtTLgFgm+snk98r9j8="}},"g2dY4UuPdJRvIUP/qbL2mqlYokaa5UikGOLQHaR0Gb0=":{"valueMac":{"type":"Buffer","data":"WuUsUjrfgPf5zPsT0bfhX4HG8WojTuMwUIPVydoyZ34="}},"g94C70ToEKqe6kJsmJgQas/3gwb8jY4l0egmXmG5/5A=":{"valueMac":{"type":"Buffer","data":"zinf6kAIyYQuyDSCnpJxOu8t8CDGIyqbnRMjbep412c="}},"hWUOZTMDAeZp5i3W3v2b9aIgbt337STInvp4nVW8KRA=":{"valueMac":{"type":"Buffer","data":"3ZLeGC2o5ULO+R9+6xw/06PDnsm5xdUiDvQG344GyX8="}},"hjKaAWybuhbrE0pyP2J0Wbpbfqn5OCmZT1hVOPOA+x4=":{"valueMac":{"type":"Buffer","data":"/avKcNILAaDwG07Fzz6+huEFpxGGhdQ8il/gUOMaYOo="}},"hsKpdE2vK/60gM2JTcPMBHypp5l7kRxjVSWhzQ/IF4U=":{"valueMac":{"type":"Buffer","data":"XqZPBG3XV6rTFmVjzQoWdvmqdTPq978RcgCWo4vlaL0="}},"h1q8CBk4hXuaTSru08z5PzDF8Dpje4AlW+CAUc0RC6E=":{"valueMac":{"type":"Buffer","data":"hxaxiO9bSvUTVE+NpyTBLM4GcYyvfn7Jijc+lYpBsYs="}},"h4JBi7bjaNqVVUKnRgoNJnutGqPZo6XnqtkaPTxtVgU=":{"valueMac":{"type":"Buffer","data":"iiWKJ3BtTj5MHmlAZy6AJEsPe+0hjsugQNCXCXTLtXg="}},"h4fqTWCiDKJGteqc7Tp4cklcCwIU/Wf6byZOJNSfh3Q=":{"valueMac":{"type":"Buffer","data":"/f0kTSiGUpjT1LwEVBfvjVJP4txfhhFDdM5dnsCkePA="}},"iGO6xCJU6e2AMA8q/dJ8gAg133ISwcLJkWSC7FAUHyo=":{"valueMac":{"type":"Buffer","data":"XQfLU5/+fn/30a0jdDlnXA93628KWQvaUMepohqQxjg="}},"iMfjWYQkzeO3xj/m2zwUKKxLzaAEMh0agcZPBCOxBl8=":{"valueMac":{"type":"Buffer","data":"iai5hZpRUB+f75SMJisObEzJNgmL/LcY8iOLqoazs/0="}},"iREs60UWJTkX7EqTUl7W5M/ad7ygvZskNiOIpDdko40=":{"valueMac":{"type":"Buffer","data":"2cwWhhEBssGX7mJmdWXG5chX1o8rRyjdlxBPA7gaA4Q="}},"iTtn0TobetH8I1iRlaH2SLJD4eES/NjntyPpoy+EBhA=":{"valueMac":{"type":"Buffer","data":"/pZU1LJdg+S3PU453Y8B84+f6IBRaDxQbrdmoDKcx3I="}},"ipefX2bdFvRogmKUM4vyMv8ySE9jh9fpPBygNdj6Pqg=":{"valueMac":{"type":"Buffer","data":"2b4B6mrIHgTSIW2++xG4S0/qiIYLOlQvCtzKKiVAc5c="}},"jLSwBIlmNKp+PYEzGAMww01dPgWTGBJuYJ9i4X+ZccQ=":{"valueMac":{"type":"Buffer","data":"hEYXgDBLbQKVwkcRANvnKZko9AgGh2p2oETduKbugEw="}},"jr6bORkneS549f4h0B4sq4VMIG3btR2waWk2c+pkgP8=":{"valueMac":{"type":"Buffer","data":"bK9vLWVu69pVqO155bXUtTxCjKU1yjl3R7zgAOrMElE="}},"j9w2DzKExZ7IdwoSEhHQPeLQarHkgwTqKC61u34BWFE=":{"valueMac":{"type":"Buffer","data":"orcVyMsI1r9TS9UdEI1vvhErm0fUqKno1reXP0lK09Y="}},"j91NFdgojdVGcqm0Yw56L7z+bCysdcmzT5ck9EaU6NU=":{"valueMac":{"type":"Buffer","data":"ksKsl3v4VcflmdrwS2naQlsh9ksZIHvM46neuZsqT4U="}},"kQaJ0DBVsSMSAp6XdpY0AuDwpTQISJw6NVTVdyUSd9o=":{"valueMac":{"type":"Buffer","data":"yD7coUhvNUh6LUpSCrWMwMH5IxyTsJkAT0Q7NMUPoT4="}},"kRb0SwqXe7Oo3tWA6833jDqfIddeUyoXf5rUChtrPqA=":{"valueMac":{"type":"Buffer","data":"ewakHQ12bRcapbHyQHBiYQpwpy1Z/ewoIfwrA0A9ttE="}},"kRdHsIOc2L0Tb3nWRfQdR3d7uE4hDKnyYRg3CTY0ONA=":{"valueMac":{"type":"Buffer","data":"JrfjSDxR5+wIqz+DyEhv9ilJC1PP9yK1kEpcBdUwhNc="}},"kgR9n/zwddllpmut/kUVm1PTrGF7F5Ecx+SOsR1U4IE=":{"valueMac":{"type":"Buffer","data":"4tvjj9YcIGyLDkRi2eooAQHT7YnUQl+09W/YHY/Aqro="}},"kmUPBJXNPx5uSMm8EPHouMq83lJxnIDYFGEpXXxhEoc=":{"valueMac":{"type":"Buffer","data":"dlqfE1GMDOktYd67lxfONd8hBnjDMujai3sRrIdafcU="}},"lFZPvNM/72FxBfDsfOwmsyecR1dVHJBqJxzDvMIfMBo=":{"valueMac":{"type":"Buffer","data":"+1uWo81fUDtkZJQfPpd3SaAYv4kd7nN8PvBOK5sBCUA="}},"lVYrBvu5o9InZLlwUqmfIDlpcl0gdgDT0eDkMEd+ieQ=":{"valueMac":{"type":"Buffer","data":"D45cZpeHAj6W0JRFraZxpjQDXzf8lnaPDiPa0rQYxdg="}},"ljEkITy58tQ+uHZywfOLOEFUqqrW2RlDkrsnCj7i3Qo=":{"valueMac":{"type":"Buffer","data":"ey7RVg4c9l6rFARNzCDO1jOJ368ysJZnYjfQT9b0nLI="}},"lko8ckyk2g8N0+d6qdq3f/AZKjDTW69mYNBSLj3wPr4=":{"valueMac":{"type":"Buffer","data":"BzuCz6yytfpn2SexcV6UsVpCB5XsW/4uQKE6othRyWw="}},"lnu8tq7JiPiGZZkRHmxx9dBhz1LIxDHxv8JBgfOLyyw=":{"valueMac":{"type":"Buffer","data":"rvv0LbHzcdWjlQxClAMNAkwSV0khWCHqAKyNrdz0eBE="}},"lqpz5FowX090YV2uawumgg+v5rBcpb7do+/tAGtT5Dk=":{"valueMac":{"type":"Buffer","data":"nKVQoNc2/d/f0UcVeuF9u0vtseodDZXC0cV1KBbmY8o="}},"ltUIyV4c1J5HxHZMptIFbPF3SsE5AYxJzMf4WbA2n4k=":{"valueMac":{"type":"Buffer","data":"cdNULztHAvUhXVPaMs5qMouISswIsAl8WxUL6DwixHA="}},"luVJ9ga39dVoKbk92ESMwnKaqfnp2qDZb4hTMqhj4oA=":{"valueMac":{"type":"Buffer","data":"emj0qjvo/UiM88s2TLw8uWGsDDzZ/cRxqbwMVStJ+vE="}},"lyJETo2lrGlpUr1C6PV5JXnItmH08TXO+jmyayjqRSM=":{"valueMac":{"type":"Buffer","data":"SoMBJPAKWogv6aD5+bcFt6vzyuN8vMDEPmNJIBgfWjo="}},"mZuEDcIRaL1okjgyY6uYoz0tu3tHgBtrAZIGP3yaIS0=":{"valueMac":{"type":"Buffer","data":"sy37wf6tUFUaLSp6jkf5rI+e496txS5WQAbzOtzhyzA="}},"mu7VeUUEho532MRtzxM6bypg9495gDqRDB9wI2JnGho=":{"valueMac":{"type":"Buffer","data":"lY42hqaOhFyfSIcaXGXH2XZWnCq+XN2xIhcPC+3XKIo="}},"nAdKXjC2aY00Ek3jF937g/cWJs2M1mnzBVc9F0no6Xc=":{"valueMac":{"type":"Buffer","data":"YG5eqTUnwnkNTh8K2wCu8lDEzbV4FJFkntyHQW1a0P4="}},"nXEI652NaR8QNdcKnJSQNsSnY6nlUvefx4JzNljEDlA=":{"valueMac":{"type":"Buffer","data":"pJ7UMDhe0l0D+GVyQYjAocZJ2v6xe5CEOP6lyVbf6q0="}},"nlck0/d52WXvDs2JinzW/SO/4DQIdkM3PgBfbKTzfRI=":{"valueMac":{"type":"Buffer","data":"O6MhPoYoby6YoWa36qE/ZeBdGGBU/bljGy3R84qMdsA="}},"nn+0QQ7pBIB5zlM7VOsgPvCGERrNB/YuXXXP+hUImMo=":{"valueMac":{"type":"Buffer","data":"P6DPx1lidrIu3TSk7QAmz8cvEb5TcPpzYb2T+uDIGxw="}},"oFPQSzo6Y+g0gDsZAceEBubybLjz7R7A5EuKvDOYpkg=":{"valueMac":{"type":"Buffer","data":"2rzj6/9JpHjg9Ole1U+yAR/aB9uOrWwd1jtkGBPManY="}},"oOV1WhykQmlvUUZphJkvCu+rui0shPKffEAZfcGp31k=":{"valueMac":{"type":"Buffer","data":"GgPWqYDK84TEFuxKm0ZhW1gRTH6J6KQQcLn1Tq7IudQ="}},"ovtGMVjZwdNld2asGoP376SnWEOGuMDLn/0rroJj4uQ=":{"valueMac":{"type":"Buffer","data":"JRQZ/cb00LUZ1Z/JY0q76t9HE/d7sh2WZYZgZnmadvU="}},"pMMBG2o6O/0A5gCJ68RrMW4Cz6pmGbjPBiNypq/y1jo=":{"valueMac":{"type":"Buffer","data":"tTSXfjn5GSmjHVH+s6XF8aOvpXi/sOqjS5lQ25tr9pg="}},"pWRV7G+6FUkSiHcx0tQH12Wv9wgihi+Jlj9Ly2X0he8=":{"valueMac":{"type":"Buffer","data":"ENRnq6CyyDtkSK22KutE8CQJ09hZURwxfn7MaR0XE5w="}},"paMoBtIdEPt5pwc2ePvBcvov28hJg6yN0LRJYFT91rg=":{"valueMac":{"type":"Buffer","data":"C+0yKoj5fBsc0ziSmPqb+zu9FURFrMVEClfSlF4lu2Q="}},"pptr9rw+YM1dmMo+H/FQ8sFU0CX89eGrZwOD5S1OYMA=":{"valueMac":{"type":"Buffer","data":"WZOtaTwMHF9wiAkaYdIcST9ta+InecpKuo2jsCcFvaY="}},"pqWSgTIAFt27AuxI4WdqIoc1iBEO80+8iH0UI7HWTuI=":{"valueMac":{"type":"Buffer","data":"kEQCwlTmNjbGwJWksYRoOqGu9ZCaZqwG3PEXut5v5ME="}},"qIIH9aruAZKegX/SSHzSqhXOEXAmoV0qpUe3l5LXasI=":{"valueMac":{"type":"Buffer","data":"EewlCfacod6mF6FDie5/in00LB6wLpFdWhAJ3sELkPY="}},"qJDqUPM/tiuu4b1hVErpmW3mtg0JH40gNjU1hGUnKo0=":{"valueMac":{"type":"Buffer","data":"ueoqJH+/bPhQBV4eXe0EkGtiQe9VhIJETv0mpouh2sQ="}},"qOpFbbM/q3yaF8uT+7VmwIijsjImb/2yVvzK/ALdD7U=":{"valueMac":{"type":"Buffer","data":"mTh3QvSjFjeWlbqX6aTK/K7sIb2vsOJpG6mutPcJrKM="}},"qfNmtHLmVNrAqwOyvbc5NTM8+0HWOp3+dUU3PhRnJ40=":{"valueMac":{"type":"Buffer","data":"khhVGcxk3xizaxjVtKP3L++AyznSaMefq+MeGMj28B0="}},"qf5plc6V8MiAy/GtXeKKq5DUqsxpUedVNS67LEJK3BU=":{"valueMac":{"type":"Buffer","data":"4Qez2rMkFc/Hh7Bj5bWTS7TouCh09gKwx+Tfm/LfkDo="}},"qopHhLdyQC9avlpHhKm2E5q5XzhEIyr9hQl4Axw74fo=":{"valueMac":{"type":"Buffer","data":"+2NSsJ8P68gDY7D6z2tFOkQ7qoz1+NQrWPWqfCiDLkc="}},"qpOxtQnU4ZEBvKN+WvzAHyQewcRMNjvE8g3kCvlOCfs=":{"valueMac":{"type":"Buffer","data":"Als12yvOU7JbJ4tzQRBQlM4jOY5Vrps03APDuHbb19k="}},"q7eka+NtqD+Q33ETlIH94PPHms1VQy7EoQo+AB5XWCE=":{"valueMac":{"type":"Buffer","data":"+NnUH7Iv2ZZ1IRnOTgzvgrxSMuxEWvswRvTJl5jL+l0="}},"rJrQ2JIdhFsPKi9VxjH5JOowp/+2d1y1V0yv7f6PW6o=":{"valueMac":{"type":"Buffer","data":"S4CY0N5jtua1zzfaZJgdTOVXKNzfsTNJc/GP9L2rpk8="}},"rMezM1jAWh25eQlWzVXVCcg2QA8QRHzjJcEDICPXEi0=":{"valueMac":{"type":"Buffer","data":"kCW1m9kP/wPJtBtwiq0KRIIh39/pXGoH8evw956iU0o="}},"rzGF/+vGkSJmgAZ4/7MjO3PUg1+G5sNIFxsUVaQWjyw=":{"valueMac":{"type":"Buffer","data":"yjTEZ+sxMU5NKulGcJtkMp1rrW6h1KEYEr6HX9SURi0="}},"r4CaQ5zP2SwCfeyG+UtuNf7kQZaw0kjBxTWuWdDeLn4=":{"valueMac":{"type":"Buffer","data":"AnJzYiBH7eRF9K+9a3JxmabYjCVkqkQ9nk5ofoaTaso="}},"r5l1GjDDYkTe+/l6CrmYsee/P3vTz/Ofhx5sj+lGbsk=":{"valueMac":{"type":"Buffer","data":"KIYgjvawrwwpszI/HxQu7bpfCLuKXASrMin1bopuq08="}},"sB2UaKSkzVfEzHQcGXXNwHS2VSyxxbzJlu8+HofO+fw=":{"valueMac":{"type":"Buffer","data":"lItBHqe9PIn9TENEAjWPIfMjxgi1WzrT7b4Qcxs60Es="}},"sCpKfWC2zXjQLqWHrhZSWs8FSl9etKnWHw9bEJYng0w=":{"valueMac":{"type":"Buffer","data":"S1FJC6Gwoya4lZFxN85jKOE7sRGApLlkiRjYb+AyAFM="}},"sE06jcI5P2TGBc01eCtEndCVgYSTyE6+EUcBOoUE7RI=":{"valueMac":{"type":"Buffer","data":"c2/54IHLX/n5bkre9ogngeUSXWfDKq4cIqROBspi0LM="}},"sI16KTaWL/vFyNVvMIM551XLcAzIKVshPoDyyBZNgHg=":{"valueMac":{"type":"Buffer","data":"2K7Q60QwhQXyiD3VklFJG/Hxsmyrd8Lqvg5IxKiPn0Y="}},"sJceIyVXliiT5ZNN4Kp1S09ISABEwP8in8LWo9W4BXE=":{"valueMac":{"type":"Buffer","data":"9wehEdWOuvSojYb+DnM2PRgp+a8oyChOtbrFg8kipfo="}},"sR7pZCyv12TDXuSxtGCKjWu30ePgevPFdAj4nbsBl/E=":{"valueMac":{"type":"Buffer","data":"O5JPOpXdo/x1szSn43Oz1WHTHKpn8dNlO2Ltv36TVKk="}},"sYq48NnHPO2jppLxhqD2Qj+9jRk7pYy+uc2sBogMU0Q=":{"valueMac":{"type":"Buffer","data":"ZvUXGQLjX7lfFn60HqeCdfVmUMdsyIJAitOt539qsdc="}},"s//lXYw2CrymLxRJYxqlZQJpN6toi0jRq15DWRFq/k0=":{"valueMac":{"type":"Buffer","data":"1+BEulw+qRnt8kHstS+///D+Wj483/Y8zH+a/cdB5gU="}},"tIVxLXCWzSsQl/xcocvlnq26I+l7oz08/TwQ7o9mzPI=":{"valueMac":{"type":"Buffer","data":"WRkHalbX9zlCFUqM4hN1PyedZAxczieMO0KlcbPQbps="}},"tiAcaXKvlfvdOLcjfxGbP4GdH83aZHkeW6uXpUhK/3g=":{"valueMac":{"type":"Buffer","data":"jQ3s1PHTrIXY0p+ktx1Xn9s7oWFEj3blpJB3ITIg4zY="}},"tpwUBHxggFzJxgMGv9qYDtS6/iEqkkaKAzWHrCmOSd4=":{"valueMac":{"type":"Buffer","data":"tRow/49CgGyky6eZpKVGzvOI/vI3RAg/3B0EZ0ArKC4="}},"t1TTS8G8qFW/MhOPLVRkwVX4Gxm5mZPKxmCHaQZ/W8Q=":{"valueMac":{"type":"Buffer","data":"Srv8I1g3zYu2F6FaRRmXuwOBZ/qzVdtp2pvf+NQgcsc="}},"uWw59AGF1srSfRy1P24id/wmbV82GeaqkbTpEIVdAdA=":{"valueMac":{"type":"Buffer","data":"+P6OqaL0EWEGWjxPRLEfOxfUNYspAp3vKHSp3H1KE5w="}},"uasrZL7w2fp8Uff9rool7NMosl8P5wPkd/x5lIOuuV4=":{"valueMac":{"type":"Buffer","data":"dAvcMfGzS2m9RWBchfKM41NyrE2RmEW//ILlmei1P5o="}},"ufknM6SuY+OYlSCsmwmYXqQkhoWmlUfmKaI4lKQMULI=":{"valueMac":{"type":"Buffer","data":"0CU8Xvm2xQ3zlYdCBHv5uNQ/jqKfYNfRlDXZwZl/T7M="}},"urrUbF+Qz5tsCN5u/dSVYcaswZpKWKOt0MJ6pXzLHzc=":{"valueMac":{"type":"Buffer","data":"YlbcKHqrorWajTJIv6m1YMYDTCn4OCJLBNwBiOHByCM="}},"u7MwQUcWhj2x/OdS6vy/h7NJWjIqb+1RoUp9XoJnKx8=":{"valueMac":{"type":"Buffer","data":"znJ36Z5M59iFRFSbCpyhorErE6zT6x8jiOrWIotVXEA="}},"u9MGdDeO9kGt8AHesQ7RXFi2BRXvc9/GFlPpkYrvt+o=":{"valueMac":{"type":"Buffer","data":"ejtTlO+2ydbIoTXD/M2b1IfyzZz4wMkW2hZR6wtc2N4="}},"vMllPtWkkBlDD5361+U1oC7YfYRYtY+D2gXw91H1pUg=":{"valueMac":{"type":"Buffer","data":"q+PpygP0lpht42sTELJP8Hh051BvPhqqWtoOaVjCjGM="}},"vPVpe13ljScxOECUvdOU3HRChBcMuTFGMJInZvIsABE=":{"valueMac":{"type":"Buffer","data":"bH6MlSuaszTOsk3CcR1Gw7LOTnectI76xtq0usYLxdM="}},"vVLgSf73y+f1LZ2BXAJafUhTAnys/NWwLe/pAtRMCys=":{"valueMac":{"type":"Buffer","data":"I5BWugm+TQI2+sIZgCxW/3PflroyWnL2h/36vISOzRk="}},"vZsD/VJ3m93Z72zuU/QUlamyUfygGY3CrQZ14Sjsyec=":{"valueMac":{"type":"Buffer","data":"0CVO69aG4rc49eWYzpfft10PDMA+PRQcX3UflgQOGZs="}},"vZzCIny0TLqFip4OT9gmEcQeUcfKtRK2kmuFQyNsp3o=":{"valueMac":{"type":"Buffer","data":"Jd/csnqzJrxBv5obaOB88lcyvZzpgyjmiIGWeJnkxzI="}},"vddUaoTSI9pi6wyqPMfQbAshV+STaKDDiftkaNaXfZg=":{"valueMac":{"type":"Buffer","data":"hNDVdLbRecUxvPUcKmiRd9jWV0tZbHggd61Mh+620GI="}},"viHdkF9Tyk7Lsl21ik41a0hTF9nbec8xiZWsomIZ0do=":{"valueMac":{"type":"Buffer","data":"ORV/mkGL9eaQG2ReGU+MAKe14+7AjWMUeiCLhW+WeCM="}},"vi3o7/za3psGNont2oJN9RynR1ZsLFM3penH6Fma/rs=":{"valueMac":{"type":"Buffer","data":"i26nOUpHpP/fpI5kZUASyUcZKu1CodkbIL0RJ/5rBzk="}},"vqEIH2U5lX8jkTDfRQflVw3S71twUDSrKIgkXVRFQUI=":{"valueMac":{"type":"Buffer","data":"gBMC1URwOBcXAe/wj/VIgNEno6agtmalpK86dKIFU7I="}},"vvksXObq0SlJb8AlgLRGcSJPGBHBcpXa1K3carppLsE=":{"valueMac":{"type":"Buffer","data":"1XOecC2YQQPz67UhUQQRu4cKZC6qme2nxu3Pp4cW0KM="}},"vylTHiU4pwix1MTJQBMmIPmZYPogxkwAqi74pPRB64w=":{"valueMac":{"type":"Buffer","data":"00gldkLCGyWhATRm8yZnUDjX18cgirEONFdGANVyUww="}},"v1utFe4g45hLCUEuxq4t/eXLet3MmrjhizSfpK90fe4=":{"valueMac":{"type":"Buffer","data":"3YjSuTVcIiPcocZhTPk4brhBxWSTfMaYKeeH1qC0ka0="}},"wFC+tRpkHRbr2PfYeSlxQTZDcNh8AR/t9lRCI1XARbk=":{"valueMac":{"type":"Buffer","data":"HvbTlsXgyz6swX4fm9OQj1GaZI94Zj4HxyCU5uPU5uU="}},"waKxbO6JAuVq0BVrWxqN0cEfyKAD82z87Gl3W5DZ4JU=":{"valueMac":{"type":"Buffer","data":"OUqHnnPCkZLZYgkwBjorryggVYTQx70esdEV2UWhlOs="}},"woPoYuplF3IX3q7NOOmCXfGMxhrDgpxO5qEQpRZ8OQ8=":{"valueMac":{"type":"Buffer","data":"NB/0b98SMwqIFVzVdXYtzzPMwOJNtXmv92ixWVuFDq4="}},"w3+kiFerRLxhSsWX0e4WntDp1tvD9y4S7OKpzzbyZGA=":{"valueMac":{"type":"Buffer","data":"LtXNycrijEc7oHdynzosa2kmsiIbIinDzNejuUZI4Mw="}},"w+nzSnEbPzUWuAc1DreLeeTZSRnr1lKvKIFZ9h6pt5s=":{"valueMac":{"type":"Buffer","data":"IJx/hFB3Yva+/mCPamDHrSkitY/PTbAff9WXl8gZap0="}},"xHMLXi+GEL3tMlEITbLUMJkf+6ssDBrr+QYe8ll2+qw=":{"valueMac":{"type":"Buffer","data":"VDbLQfAJqPULOTadUrVmo4MeVik0INBa08EAFN4nZvM="}},"xU8S+l4H3qKD85TXfiErX1Ss4eRKxCkaUXBgTA5Mg7Q=":{"valueMac":{"type":"Buffer","data":"JEcpjf0qEZwyV9H+zevJt1DGH8BraH6n61WyZY1ArTo="}},"xlspmWldlVmWLorg+DrmFgBGuut4iPXOTYD5dHUU4yo=":{"valueMac":{"type":"Buffer","data":"E70jAuuFMLVo22PuEFajZOd9hh7GYqkNfquCYjOAPww="}},"xt0vTNsB49GNfw/AD+4+7k4ipWFo3bbu8i9/i1mBjCg=":{"valueMac":{"type":"Buffer","data":"5rCMhrFa21eiHnbDYmv9qYiXUEYadyDlD5s061H5JbE="}},"xvIAka/UpBlFWfQfAFtQt5jlEXvFRDlPdqViRBn+kbo=":{"valueMac":{"type":"Buffer","data":"V5oEXgGTQg0HNwvmPPCmyB7HcxCQ/PEG9kHCIV9t2rk="}},"xxefBDLMWh/bvJ6cnSD6i19H3xwaHNF2x+cvIUFTDjQ=":{"valueMac":{"type":"Buffer","data":"TDmd/VD9pjQUVy2K/NCqS/9Eji/rIdSg0YeVDFwpUwk="}},"x+nSsAm0r1TDzGJFHCJBer4kyWrkMUsaFwpWQc9SWxw=":{"valueMac":{"type":"Buffer","data":"gmf/vG1xFmkJ4ojGjqxUji26g+s/rQut68I/kcpwGS0="}},"yDMXasW61pchOg6XbGdgjsfyTMHb3Y5lTEEvviOmaTg=":{"valueMac":{"type":"Buffer","data":"P5VMXGv8S6R3fZec+Xc0GXTvO9VMaSOv3RbADk6lVHE="}},"yEjfuCvGsnd0bOgjcfa0J4qNG9uZu9CpyK00vAYcQAI=":{"valueMac":{"type":"Buffer","data":"BpmAT0VZwSPh+Zloeaez7VHKGnem+RXs0BXuLfbMY5I="}},"yLMJ96r5V/JL3ddg0U+SBUYu/VCMwCgIgHqM07Q9vGk=":{"valueMac":{"type":"Buffer","data":"nEhxc08nT8pwhtWiyEb6S1cQo2d7AMXk0Pj4SjNBV8s="}},"yNIjuAGM4GFYphJ+d8kK0dWUe7K70VczYvDFqh3E1UA=":{"valueMac":{"type":"Buffer","data":"IhO/zWDzB+VJ+Y6A5iIteJyG98svGmJ+Vbz3jRoHVgM="}},"yStz0ZZl81A3ong3fiLzZstJhg7Ir76QLv8C1oaWHVk=":{"valueMac":{"type":"Buffer","data":"jJyR8oXHsI4AcdQ4G9soxpaMtzDYGDqnBYGnL/8uoCw="}},"yZfG4GjsIed0DU9glKfvwljcaSqQAE1mHyoD1PxUdDY=":{"valueMac":{"type":"Buffer","data":"ar3VeyqoEVKA50HmR5cM9YS5pR+1lTXbvUmYMMwaC/s="}},"yd+T17Z8bFLE873M0Le/bJsASpHOeTcAlss92hI2+C0=":{"valueMac":{"type":"Buffer","data":"pmh5VKYazEl+FY9UYFlz4JDxdeqlouVdZofy/wX8GKs="}},"ytiMDe3nLasUAgJbri93MkqHrA0Oh5MZbwh3b9Dulvs=":{"valueMac":{"type":"Buffer","data":"znNv71y1LNAhtUIFBkfMwTYD/u3YqkWRkRg6VrjSnwU="}},"yzHquvjb4PmZq6rONg01Q9RcmhYDRTeVYpasWUIqiUM=":{"valueMac":{"type":"Buffer","data":"a5bfDbMF/1FZhftaZQg2Z8vByCyJ0BdxrKKxjEkb7Jc="}},"zG4Mu6Ua5dw8LKJFqYxB0cVZZ7VHA0n6c/LocKzDUU8=":{"valueMac":{"type":"Buffer","data":"F0WqNH6n64WnhqfAldKQVO9GlTqemlMPUx+8meo/y0c="}},"zO87QKywgrY+9eOL+I4B8EfDa/qEpO4kOukCyDnhKuc=":{"valueMac":{"type":"Buffer","data":"j9b8Uqwc31vu6lKPA9LJuakfvTmx9ai6rjcZEKCyYGY="}},"zb51FYFuBgOF43g9OwQzMIHEfTAsM+zokguLv54MftI=":{"valueMac":{"type":"Buffer","data":"qtLVfY55EgTui3X68t2lPZoWuo5mVHAHH3zX63JWmjc="}},"zx4/JeK1EOlRT+m9XFroyiP5Y4RxZ9lU5SSBnMqbJJA=":{"valueMac":{"type":"Buffer","data":"IZBmRpwEhaoFgAhKv6m9I4HHUoYhFchK38VcWQXJArI="}},"z110VjmYzBKW4O9f/cgma/4qu5s/bClTYXJJdDOj1oA=":{"valueMac":{"type":"Buffer","data":"atimtkUQVcmbQibAd6j8ytDnmS8H7AAJKwbZXSAVPm8="}},"z3gV/c315yQy0fD14wgrxwopdDVf1BKQQULY8tvGgw4=":{"valueMac":{"type":"Buffer","data":"+dMuzpXay9l7r5nf4U+xKyD5Vr3/WvGiimV/wUDzRsY="}},"0Fm2ZYZRmA4i8X7vlp9UK0mBm0DKUUaAumQxFY93VBA=":{"valueMac":{"type":"Buffer","data":"YB4UHmdaLpwdsuGfA9X/bYI/GqBJ94EIgCHKQJT4TEk="}},"0IJ0YQIyWnR/NstvnW7vgOE1gPK6o/0LTk3ubH3tOc0=":{"valueMac":{"type":"Buffer","data":"+fj9q0seAnMJcUV9vavMmM8piDG1FHt/JEt9B4vKFyM="}},"0S9V00Jvfls7BX8CO+fBY4utUH9H6NTm1Vyy2y0hRB0=":{"valueMac":{"type":"Buffer","data":"X0bbK2Zi3JXGnA/klcFdRJJ3oElOlTOEMJmLO3KgKSU="}},"0Xaghj0xky9ei4GgiOUNKMSvnqAMI/RNVKo8PWhjH5A=":{"valueMac":{"type":"Buffer","data":"AE9+Gpo9QjhUfyxw+0lJSDFjXvl2i3a9qPXkl5byc38="}},"0nQry5+5v921+Or0SZNP8s4EDWilHj9GgYau9Hn7+NA=":{"valueMac":{"type":"Buffer","data":"3pROITvRPLnqt+ojBmqhz8CDVa41ySeZEP3DA9j+LnM="}},"0q+t4cCgXENjw3h7mVD6LwRyfU734kGNU3G99eK2Rgc=":{"valueMac":{"type":"Buffer","data":"nV62+PXEpf7gQBmVfyzrpO8dm4CO1/2LkJxBHA7b5ek="}},"01vRaK5dYmi5EWV8RZEkyeoJyx0L+3GVWOxt1SD+c3s=":{"valueMac":{"type":"Buffer","data":"so/AYbMv+sOwKP0hZn5D0pifB3HVBRtVib2IWY+ekog="}},"03fQkF6jzRhAUs04VPjg/kHaRFdWaAXOJpmP2Z9zaoI=":{"valueMac":{"type":"Buffer","data":"SttskVOxxlD0lXXg5bkcJ0jtjPTpPMoDQ9cec6Nh2G8="}},"0+J9fiKStYCKocoOG2FjEEGenaAkYWG4YG5XAu7pQZk=":{"valueMac":{"type":"Buffer","data":"LovKWroUQ2EafuRGd1ihy7FtjYfXk+1anypns8qrdL4="}},"0+kKo3F7wV24lZ3Kf8d43q7iSHEia56T9IA+AT6Jt5M=":{"valueMac":{"type":"Buffer","data":"KCGdg4eA/fxQemLnaCEAHPchfDHPqpt7UXs97pbzHQ4="}},"0/1lB29nUnEwebFrHXuSBGjDZ7TVLgVExbFTc+MDMSs=":{"valueMac":{"type":"Buffer","data":"Cq3X8udAmxQF+2fOlO8kCDmajgoTH8fgoU4f4izPRsM="}},"1GaDAwQipsMbCsNnVNxYaWPEgCjGiO0A/6iFdifAIng=":{"valueMac":{"type":"Buffer","data":"8qHfoopcYofy76wMVM/Y+PtlacD63uA83Bx5uKQO7hk="}},"2IgL8nCeR+9Xxpos5uOen/UufxkODNiIIefbQRDe7LM=":{"valueMac":{"type":"Buffer","data":"RRwF6pwHzqFZEHPXhKAU/mfgLdyZLgPaXYTrXBtrTvw="}},"2ObWhsAweESsMc4EHN6YisaCtBSYBX+MHbxCCRtHZ+Q=":{"valueMac":{"type":"Buffer","data":"G4n35FeYRma+UQ2ZTSBPqnGzLz9N34SeO7sBsDxeo0M="}},"2PauIUbDkDBuCkDDZalFlVjbYoyhNZWqygsMiTpIktM=":{"valueMac":{"type":"Buffer","data":"PagyiG8zJNDhDjuKAkjvWqeRK/HkOdIKCDhVhwbFsNs="}},"2bV0cRMvAw13HFMp0zKKYcLqUd1Kp3ePs/n9BirNQ7w=":{"valueMac":{"type":"Buffer","data":"+OJynpYAGqXS8kwit0WXpIeASuU3bIhMhmKPJBtYFMo="}},"2bfdIBmQpIFvrcWjogX5F1WzLephOWlQHljRmzgOWUw=":{"valueMac":{"type":"Buffer","data":"63GOdVJTsCENURacuPX+iM1Zw4UwGGWMCgSAuw780uY="}},"2dkGL7IJG5fzmLZJaGtEurBenDx/ByA3WGH2DXkc9a0=":{"valueMac":{"type":"Buffer","data":"fZrVrPPY2bCYs3MDIvdji9BJBz2RRItg3Vmxc2szdRY="}},"2iPjIGhfdzESda06r1icWRGIQCADiVY50EFIVNqT47A=":{"valueMac":{"type":"Buffer","data":"0+XVZZU7/xWdmLyPv3x844eRbyTsNbZn9W/U1g8jaC4="}},"2iQAU1dUUSFMMe/f5T3mLH/EYM0by23tu2eNC9tmRHs=":{"valueMac":{"type":"Buffer","data":"6D11KjDfd+Rb1mtETsYIMW7rluca5Dzs+0jAApQOsIw="}},"2k/zG8RN4Dt46NY9G5iSrcBGHo2X4zctyEk8ZPI23v4=":{"valueMac":{"type":"Buffer","data":"yvlaFZXqRI0nZPPEnZijIlz6zsazJ28HjUa/DTbhW4Y="}},"2p3L0OpNdogGFCc4Nn2RMV3xSP9EkPCCTqpOFd+w654=":{"valueMac":{"type":"Buffer","data":"+lBRd7RrVVqubuJp2YCrb48GJqrmWtt4XpVViybC/M8="}},"2zvCRUUIFJuHtBZKX0AVYuSa2a39hfvDxEjtQAmJV3E=":{"valueMac":{"type":"Buffer","data":"rgifugjNHynOpycAVlRBhxQdWLNpTuFBnIlIuyfhM9Q="}},"3Ek3ab5m43GTzo8qyIF1bi5eCqMvL4LRZf9NE4OYzPw=":{"valueMac":{"type":"Buffer","data":"qjzmsZBTdtG+/r6w5aWdn4FE3PypClBuvB/Sv42eU/k="}},"3nkkqhfnaniFGM2Wl4TokvMvM0l2fLDRelXYHdzXNNg=":{"valueMac":{"type":"Buffer","data":"FdcmU0JPa1bLOpEqqFPOe7cBkzkagK/ebaSO9CWvxNc="}},"3psYYl7PLb88BA2UfXcvtK5PnvROGOC/JjibosH29zU=":{"valueMac":{"type":"Buffer","data":"/xdbT5UIn28TwshWfaiVEy0m7z1ws2xaCXG/VXAbR0M="}},"3qCzxi/IqD7utwlLUq9Aodfv3tzO9VIplO+4ZgnR9GM=":{"valueMac":{"type":"Buffer","data":"ArSooA00RBeSsZpsyYxWkMwszjHNVOuJ62DLfoGrlCI="}},"32j3/WMueWT0kMKsl1XwLb+5fIRIuDId2MzekBQVV28=":{"valueMac":{"type":"Buffer","data":"ncGYAIOCDqXntzPvbQ49d1KpK8hFlWn4cH/XblVQDf4="}},"4IFaMPEie4V+/9oLzF5w7g6Hwef/z9BmaPud2WQUYcU=":{"valueMac":{"type":"Buffer","data":"cXEVvl02JfriiW5+/7Tk//C+BPFbnAa22HeKF6FcO9s="}},"4OyfnLLjlkwIR1WbqwKtcNjtk17AzXkFdpRq1c7Ygac=":{"valueMac":{"type":"Buffer","data":"wL+cSkhjPPym3dDJc3uchXnQ64XkXLVPFHLsYPE+6nk="}},"4QdYlxCjwMtVPim0ggT6QEkp28oYI4JE90vj/iD5qiE=":{"valueMac":{"type":"Buffer","data":"6puXJVLP/AIr+vyhw1LDU7Bapj2HK3bv9k2BwKea7JU="}},"4YO3DlgPpu3zXbKuZayMCiBysRd0dAcdaj89X52z4Fo=":{"valueMac":{"type":"Buffer","data":"D/5ZJyVrCwhkxJsvP5X0JNRnRIH2yKYEZJps3bGWX0Y="}},"4nzZNpKB8BKOtP4QHg+e1Vc6rhMlVTHSJnb0S3NyeEU=":{"valueMac":{"type":"Buffer","data":"pthglAYZMr0rP61LJRBm6xuw7v/3euWOBK0mw3ZREdY="}},"4xxTXh5oB2Y7K8DY9ArT5Zxd9cL72MrK2TTRj7M2v+Y=":{"valueMac":{"type":"Buffer","data":"QvFNYr5JM67FtwGIAtydOl/wlIQc0KsYYw+MdikGJhU="}},"4zAxTGsNxcQ9zWOypuq1lz1lZbfkPm49h7OsXPx/5BI=":{"valueMac":{"type":"Buffer","data":"eLiBIqxeNjZ8HOowCEHcNwhAixZkhvQ5mcmCOxwYrr0="}},"5NOSuWuArUWO8cubtHLO3E+mnvIXKF29VQ50SK5xA0Q=":{"valueMac":{"type":"Buffer","data":"ZmNTf+D0qv+HsaiQQvZpz20J9OVESw4gilL0Z1BjOGg="}},"5Qqtmu8GkllrL7Guwm0eYXLhlbhytosxfYnI3KmoTYg=":{"valueMac":{"type":"Buffer","data":"Idj9FCGFwalfpePGTIszEDqsMEuP2fPaBI5hjA0zd44="}},"5W+8TFXCtZn4cl1Dkj2p/OKAZbZa2ilviS+adSY4zEc=":{"valueMac":{"type":"Buffer","data":"hPpOiMsDAj5zg2Sjxuplh0hlGrbyXe5QVc174kUPamc="}},"5nTrt8BgLm4Ul8ExTN/N6BvgA67lrOXikYqdaAqX0Yc=":{"valueMac":{"type":"Buffer","data":"9R5sAo4k6Em4FE2vZwpOuinXUE5INV+pgs5RUfGXcI4="}},"5skDnUGTN29V8Wyt24lJ0sUcIxeNh/8Kxuh+vUxOKys=":{"valueMac":{"type":"Buffer","data":"QYgauxaHEgCwRQ0djA5rlc8IyyZydhN6suh5pl962yc="}},"5tHQJnTdhq+X6vdV4s0j7zSf9e1VaNh6Wh7la6W2dc4=":{"valueMac":{"type":"Buffer","data":"TO+phjO7ACHyG1ebiAfSj+aqNxUoHRNU3UJng6RoC5s="}},"5wKI8sOSCd2aoBoO9CBhP/vXwYr4hRDWHqz/jtNUhNY=":{"valueMac":{"type":"Buffer","data":"GUsDztsWzqXXMZWhKJJpxvCqkm3DEO3lsLOMI0M9Wnc="}},"51mtB2lcok2MtVro5labkjEUIrAIYywRSUb/KiEU91w=":{"valueMac":{"type":"Buffer","data":"0yUIYcUHR+TDblC0szqTa6xT2kgSSyP6tCCvmrBM8IM="}},"6Kdv4yipg0D+j8LYXc4A0VdCwCVaYMv0yyPwABSEylo=":{"valueMac":{"type":"Buffer","data":"fV8xER3F5bke15qNAdtwzv1CYYbUnqWUaqHvX8DtayU="}},"6OUMhD1/2B19+o7zNDmBxt+rVbABfNr2kgxhrK/qEvA=":{"valueMac":{"type":"Buffer","data":"AdQGetDhOgmkDnVQ5i20ICvSkDKku3CtIiNHTQm9rwc="}},"6VycWOLFmvnzRRU23z667LB9hzPezKtsv7n36oxwEAg=":{"valueMac":{"type":"Buffer","data":"VHaT4Ur1vVJzojX1tzxNVRDOMZHVeeBu77dFeCm+HR0="}},"6WLgDKlOv9PGzTu77qI25oro5wmCI03QctimYyQli8I=":{"valueMac":{"type":"Buffer","data":"NChIYbEjhxUL9O8Ov7QmYjtNtw9jAvMivSBmnSH42Gg="}},"6ZruKa66Ax5M420FfUs7GFQvCRTNsMJn7Dq1LOZdqcM=":{"valueMac":{"type":"Buffer","data":"6cGIl5xxytoWKkyHaAHDV0FULcdk7WPSt9HM1AIt9i8="}},"6eMzmxNj9d3M/EBD8IUsbiQ/sMJRlC56YPDRT3YQ4hc=":{"valueMac":{"type":"Buffer","data":"LOLnDHUB380t2+o4f31oawHLf8Nd5dfJonQ+Df77Sck="}},"6fYGccyBgqrqutycFgokuWMqR7mJam7jHPA8tmFe7YU=":{"valueMac":{"type":"Buffer","data":"jIsclQbKtisl3Fm9sthSL2o3agJrqof65AOaS0n/9QI="}},"6hiZtOlJauKclygGy/aWKcT1eqw3jjccIEhU+zcQpKA=":{"valueMac":{"type":"Buffer","data":"PL4KV3hHc54D82rAKD63yqPAHxsBqcL5xdftJvH+rSw="}},"6qnqPcXCo5EDcm0SRg3rLzIeJEemPpCO0QhOu8JSJXA=":{"valueMac":{"type":"Buffer","data":"d3xWcqdlzh8Uvx+bTfwDlJbPjvXJk5CkCoJDEJwqInI="}},"7J5Gw8lBDhHN8DCLBgxjwaMMYVuKjk9PTqgJdmM9Ja0=":{"valueMac":{"type":"Buffer","data":"cgWdm5pgX3AsSm0JqwXftGxyu1SgGLV5J/D+7jkkStQ="}},"7OBQdeW87nPyXyQpwhTy2nx0W3/bCDSiOFMOudoEvGM=":{"valueMac":{"type":"Buffer","data":"eDlxUgwg4TR19y1mZ8BHjVdz9lYfFyXhcc6D0yVC/QI="}},"7YHtEkYQyI5QdxC0T769VwHyM1EtHWAXXkOlrE2ve7c=":{"valueMac":{"type":"Buffer","data":"Jfcn60cYqgk1aIkYF1iBxx9rj1EeQQybt06xbIQASDY="}},"7ZyuaWJNZmEqKm72ayOYpzINrEvIluc83PVtGTzZkYI=":{"valueMac":{"type":"Buffer","data":"4uO3H0NTkTBoKz7vdYpNyZHgsMrUmVSGxI7G/H4NVPY="}},"7iAt+OUkIoNWteFe0i4tNQgR3C/PyD69k0z15DAEQhw=":{"valueMac":{"type":"Buffer","data":"x9MzZuZy4F98Z3Xdw/IrpEqlIRCT4ln8PeMkpzmYp+E="}},"7iA7SZlFCy4hfswRw6HnrAk1wXo9euWdOQMjo6anqN8=":{"valueMac":{"type":"Buffer","data":"end07mBPsyGanrUIA24aROS4AvfiKSxsInWlne6ai1s="}},"7m9EsaltXbz6VOyqBApQRwX6gG/pVZ1o+hufFXL1ftQ=":{"valueMac":{"type":"Buffer","data":"MWS8GvRh4/KlCtBZu+8D57WDYq4yOmBIrYA3PTl7p0M="}},"7odkz+gzocnSAPb0iqRHbxYRYPpuVXBbPV7iYLj9Kks=":{"valueMac":{"type":"Buffer","data":"GFxJiAppqThsHRuL1SFvzr9GUaXMjaGR54hpEJEdIMo="}},"7pno7qhJ4Mv7To3r0QTfZf19YbDyw+pzKgi/lZzh+vg=":{"valueMac":{"type":"Buffer","data":"gvRnpKVCguJs7DS6rOxedL+eFpcKqsR1czLysF4y1l4="}},"7svs1xfbXlQFnSp030YZuv2cdWmxYHy+7vQyuHXNNS4=":{"valueMac":{"type":"Buffer","data":"fKFdHCwIfyl2eiIy2Xj1k4oi5QoFmcPcIoHz2JRck6Q="}},"75LCfgFdWQ6A8D+rYfuCZ0mlRdHdvIDjajbDvVjhoF4=":{"valueMac":{"type":"Buffer","data":"vKh4B2gYq5UsG3a94zpgSxBFx0nlDGwF1kdKYG37O7A="}},"769wjmvV7IE2ndf7d3p5NbymPZTMjHsh2/g71EJonCk=":{"valueMac":{"type":"Buffer","data":"zTn1b917ZOt6BNillPj/8uocGwfvrnAADEZaPypBiQc="}},"78wmf/yDIkD7k0rm9nIjm6M792lsOfXlWfol8A4JgAk=":{"valueMac":{"type":"Buffer","data":"UO9aVx7LvBCogyUeeSBVg4Dt9zsA9ipULoek+ckcQV0="}},"8BIeCxVMPA3NJXrCgUl8K2X/SVeuVOwI/HWmN22F9i0=":{"valueMac":{"type":"Buffer","data":"xfyHBPLpoTJT6345QCKmtfs8n1aFOQ77JR1mievG5Yk="}},"8XzOwZWEKQgr/UO6FPzAzJNBm5YyVU4XyWMTX6JF2FM=":{"valueMac":{"type":"Buffer","data":"H+D52imiW8W111BqzkrKa8D41fQ2IOKkvIstuBJIQ0g="}},"8cGRiNGfBxqFjtqqE8pKRgXOqOyiij1q4UgPkEs8bT8=":{"valueMac":{"type":"Buffer","data":"M9tZOp2fEiaS0S6Xddd7kBQHd3r+V7KPw/3+0MI9KTg="}},"8eNtRYtOkt/JLkap8Ckq4u90s/EOKmmZXnt88wh4Nxo=":{"valueMac":{"type":"Buffer","data":"N6VDPjFgcLJhH5Rj4jIzdIHdvVKYeh2M8PS5Q6bQquY="}},"8gaDcf61/QxRQBus8cYwmF6eBH1b24MRzQXUNHmQxj0=":{"valueMac":{"type":"Buffer","data":"n3ppcnF7eTIrW2L7W/ebErgvdBhnr1ur1zBI0RhttFM="}},"8vz8A7Lqf6aVbRN2YRRd8tSKrASoHIAdQxUKczQhJVo=":{"valueMac":{"type":"Buffer","data":"6qio34ydCREDYrHIQGb7hFD6W+acgHr/FPlMpBH0yEI="}},"849XOoOu9QaX8RCaN0SNebi0XXmbVo5kjgoo4cgWMxY=":{"valueMac":{"type":"Buffer","data":"ukF1uKnUd8Hmqz9ZYhilmWkbHm/vX4XoV5TVIENK4vA="}},"85DRle9JS38Qnm4xbuofowikoJvh9rqHudNlKpQr8XQ=":{"valueMac":{"type":"Buffer","data":"E7Wnje5u1jo4HLGaRpFeLSoc23o0jfo8SDmbXwOTKOo="}},"9blEqlkLKBPnj2A5yGW0iCQUPEXUc2o2pYz3d3gs7Bo=":{"valueMac":{"type":"Buffer","data":"8yAj3s9/sdy7rvs6lH867d6W2M3u4eD5dKTMLkaUENg="}},"9eCMZeRqvg1MT0RhsWqc1G137xDzs1YkIG0a5UQ9kPU=":{"valueMac":{"type":"Buffer","data":"bgwxZXRRaP6gm8RXCsQP0zUW5Cenpku1oe1CSKjEVFo="}},"9lu4HzZ+HitTy5sSBVZwjVI5SoX5Vb7DOr1ZrOQETe4=":{"valueMac":{"type":"Buffer","data":"mPp4gYJVb6ecWp9xcMpSJObZIBe6+oeiJ95foJ0948E="}},"9rl35RoOgrRg2bzi4SZPQT3FEu7vvBP4ddzkSPyf7iQ=":{"valueMac":{"type":"Buffer","data":"A7dOM5+2+rxjkv+rbcEDsIH7xaodgf29cg60gWphi5I="}},"9wABLfSFhSbZHl28Fi0F1zJfvEZSciADdgu+TnqpDh0=":{"valueMac":{"type":"Buffer","data":"yQMPuXgaweT0B1O/AUB2In8Zo1muvPfnx42K0TtZOqM="}},"9xMMwNcDqXUA/9GR6U56LE8SIaA8J8Rl72dCd4Zj6pw=":{"valueMac":{"type":"Buffer","data":"PDkcGe/myJ+qKaulLCiwFrKpiI6DcbBkNTq4bHsvWs4="}},"+DO5Yqb8b1NgiqXUozDUc3N4bUjBKn2pN/MTTUi9wDw=":{"valueMac":{"type":"Buffer","data":"bHJ+bfRNt5qsyBm3T5Usu8S6SpiIntWhklcBaEiKxqw="}},"+ML7bm+QjAk9wQzLE68sO+PO+Fr2ZUnIwNqICAtHyV8=":{"valueMac":{"type":"Buffer","data":"EinuVr3mA81JMY27xxlI97W5daTApwhf+irNRQNSG6Y="}},"+OqxFYihQyy3fMmwVbBS26tsDh4eHRAl9RlWSufjsKo=":{"valueMac":{"type":"Buffer","data":"DVw7EmpC6VHC3w1b77Gkto/DZb/1YQTrVk+c0zZqKxs="}},"+WrgUneakF6H6BaWwHLO3/astevqy7A8I6wiwyFLQrY=":{"valueMac":{"type":"Buffer","data":"+4Zlq8XICnpwTs9i+JXpZWiypnr04Vb38gPKRUlfgfg="}},"+nVqYhktrDDnSzJOGdT+f/uxmbXFO9CoNpZcHB33q8s=":{"valueMac":{"type":"Buffer","data":"QbgN1x29iktO9y9b52LnO52Xv/E25DOJIwvvUxWjtsY="}},"+qrX0etJDPNJq/4aX/E0uPkTI9zzBc3NQDsFeNGdr3w=":{"valueMac":{"type":"Buffer","data":"OkWdxnwsRgNixef2vz/BEFetZcIeN0AP3dNAoK9HfpQ="}},"+ziPX50X6/ArOOR/7dM2Ex/RSw6NuumN7HBP3rK5yjE=":{"valueMac":{"type":"Buffer","data":"U6HbaCRuPOjv7Dz14B2N8ScWvw7QmiEW2EhpKstBsxY="}},"+zuM1WUJQwW3SCGewVyupq5Ct4zyYlmubHd5XswktHM=":{"valueMac":{"type":"Buffer","data":"rsc9BM9tCvQvVzxc/5sGdAn13Fu2udl2qz9VZLHA6EA="}},"++8Ww/gO6Wha20meCQuOdebxdBb2Ex6IPf7k+MM+hoA=":{"valueMac":{"type":"Buffer","data":"ufE92M0RvLJti8cbUqIUuuTjTwa+w/y2PhAE/IpJXmc="}},"+/2sxuY06UIY2nmg1IfhJeT64rM12ZvOgRpvEh5lh0Q=":{"valueMac":{"type":"Buffer","data":"Gzri7/e4dlrY0mXrVXVNL1tO+xRCKdQZzQTgm48hHvw="}},"/CNPkCsn+cHpjMuN3YyIlsruUhdL9QBIKFjyOP5NUXo=":{"valueMac":{"type":"Buffer","data":"JfDrbkUZgyxZxqShO0kbtRG10qiPKhBUWX7eIC3VLLw="}},"/E61lr58NlTpwBALc93brnwPGnL0mt78yBuublR7Mow=":{"valueMac":{"type":"Buffer","data":"v+juC3rw067EcWiFV6s4EIIM2xoZEl9WmxSWvRLteBw="}},"/MlZ3F5y5Di7/OlOW7Hj1gb0cheiFGXxHX39MIRj62Y=":{"valueMac":{"type":"Buffer","data":"KD7CzQy/MgRGkgaZEY8llPaE8Bs1S9qDgsmIBqCt0HQ="}},"/Rq+U0xV9gVkFvtrYhlVO34oMXbCk7ptl6TVGQyjCJY=":{"valueMac":{"type":"Buffer","data":"4BseWhO7DAf3osYmqvuHI48zoF3KJwEIPG+eHNVJ8yI="}},"/jVeLONiZm0pj0bQQpsXvDRPz5XH0qcYOLTN3CeBvGw=":{"valueMac":{"type":"Buffer","data":"QQSZLbxQ8GJeYILJiKPiUcfDU+ecrjYkb+YyALVt7GE="}},"/4H69JdAapsvrS9FNR2JCmAchK5GEFuu0QtMHE1MDzs=":{"valueMac":{"type":"Buffer","data":"c2uZf2TZogB5I3ceUUFPlnd1Fb7YmXA4DetgeJi+YFo="}},"/5hb26NtVcmBY2kzAXlVTBneXbC9Q1nuMC/862Y81fc=":{"valueMac":{"type":"Buffer","data":"9SPjx9bfoMsAytGXnjTJOhEzjKCK6qcBco46tmonuWo="}},"/9XWDdpO44hvfpSuZ0qNMDlSliOpzqEvehayxlrkqPk=":{"valueMac":{"type":"Buffer","data":"Kqo7VJGvaGyaH/lGH6YgNAoT2j2hYgOOtQARABjwUkY="}},"//tvir3BcwwlVolZxWYAkpOLatSAgMww5HvGFBpcvy4=":{"valueMac":{"type":"Buffer","data":"xx1ywKkwv3yVG7lcgf+ZvZch+igSo8zmBL6miXoA3fI="}},"S0i1k5T5PIrCdxcGiDkm3LYG0UPATdjKQlczgiKnnJE=":{"valueMac":{"type":"Buffer","data":"NHJksYADrNKF4duxp0mKcy3TtN2bVDX9Xo8ymb/F8Nw="}},"BW52e6nn/F3wEBOeyFYXg+br8q13QTMMFBJ+248w8Ao=":{"valueMac":{"type":"Buffer","data":"Hs4FkAZCJyfuHf2TcBRJBkSFV9zyshIg6NV+xRB1bPU="}},"jgGimjL84e1SRN4AUkD8hKaXzUUmUG9654cQDR+CSbo=":{"valueMac":{"type":"Buffer","data":"7mpESBzQ+RZZ8ouOS+UelBUSCCEr4bmen2PAT2VfX+U="}},"+XIk8FUo6E19nXW8I9f3NuI/pGohGybmwKbH8/zykOE=":{"valueMac":{"type":"Buffer","data":"Trm2+a5sOHhlzynBYKyYbtPSdwnSAB9dgNWfbO2KMFk="}},"wtJBZQ3sY/XBLen4+PwBWTMAqtfL9zgamKEFz80/9Mo=":{"valueMac":{"type":"Buffer","data":"ZqLsnxSAFVMXDomfeyoAztqI++C1Uum9fe2fMEf5yWw="}},"F0AyGtqaGFaFng0RaJD9eYpLMLKa0XxMT/XK2b6Jyg0=":{"valueMac":{"type":"Buffer","data":"vKj5Y5ZbthnImjV6Xa7fNIlMXGN7o/zzO+ytxCHPMXo="}}}}