{"version":3,"hash":{"type":"Buffer","data":"O1Fuf1PaqU7RzEIw3L8Yl+9+qNyuJtZ1xauODm//2X25PKOAiDlFy9L8aPBUQ4/yOYyHWReljSsZdZjkJeyBWGWRZ588Q5DFcNf9DrCBFzKTL9WVl2oEJgeY05Q3CNduRR1oRZoUybpZrBJtaIKc3PFXyai1MkAcRy3HRs5SEA0="},"indexValueMap":{"U2pmAPANFAvTRYYujj5LJf61GTGoGt82n1DP2Sly0BU=":{"valueMac":{"type":"Buffer","data":"zI+9LPgUHYXnia0UdRU8Oo5M1JXN9F7eU4P7poEMogw="}},"m7g2MIXQGiT6PLaIVW14wOegVKWfUrt4uIZ4KFkkZF8=":{"valueMac":{"type":"Buffer","data":"WNsp2kExAknviad/ujMxYnjRNcYWEZjUyv5HBIORxSQ="}}}}