{"version":12,"hash":{"type":"Buffer","data":"YeWn0PFc2tcmAkVhof13IHj9shh/rvBnRNM7/8TetZYxAV4JTTwzqPp/L7adCNvbHJx6MmeMhlCMCk+OPzt1T0S0ZehzV/945OAv3XWAhYk62B7Oc+pwKlTOTt6ArJrbLDzDj+0b0aGQiMCQ1Xyt9GuWRYFOlmwCOBzX/XEP2SI="},"indexValueMap":{"ArQnBqsuS1ZugqAU8B9id9aydEMzVfxU/sap/Y1Igh0=":{"valueMac":{"type":"Buffer","data":"u1OqDFjqpBtoVL3oBUxZETqyvc5mxHwXfxNMBlAy6KA="}},"Aw8KheZOgD87cJN0N3d3/7hZm46+V5ZPSJeFvEpQK5U=":{"valueMac":{"type":"Buffer","data":"CJcQt/EiN2XEDwC/JmTgEFGQLpZ3wRCXG1gFa+m6SMA="}},"BybyYyDw0ST4Vzg6t/2BBY/9wntM1enZc8D4zwB+oyQ=":{"valueMac":{"type":"Buffer","data":"jM2a3mxd8fR7VCbgrJuWVl72xwgnaMKqaVqC+tOTT14="}},"Dt1h2owyGZao0ej06qMq1T7GM5MAuehEnYiZ1a0PvyM=":{"valueMac":{"type":"Buffer","data":"dwFtyRWbKD9qCoQZ0Ng+1ZYFfsfl6prWkIiKiKcYD94="}},"EZB7uyXq3GUWM7wUKvwT4Iy2an1bYGfNKsLbTM50DvU=":{"valueMac":{"type":"Buffer","data":"XybnJvnrKLzk6PfFG3IAEOZ4R4NpxxvaEtf7FETTztI="}},"E31NJ4YxOmXUu+YLIibeOxEmw4t/vaXnczKuE8kAu7g=":{"valueMac":{"type":"Buffer","data":"Czz13sWUTTOTtFocceCXHImxwiayG0saeBfTqVIGIEE="}},"F3KphKdC+GYnXrH9NOdq467JHU3MIIx75FCZHcTmhxE=":{"valueMac":{"type":"Buffer","data":"HxQ1k/37p2YPwgiyfAJszo7m+ZKsraSmSCmZ7gZS3/Q="}},"Go6MTWhbohaWzFKdLVpkFOCOSB7IvXz6HgFY9FmCL0s=":{"valueMac":{"type":"Buffer","data":"/NkHzfJoQ2kXpddxMjDY6uH/atkbzhQJuyxyN3LiblQ="}},"Hq74H/1oXHbA93Mku23RlIWmRWHmNJ9NsEw08Jrlkh8=":{"valueMac":{"type":"Buffer","data":"HdN3JF1BQw+aJdhhmOPHEf2tskoQhx7X2zQD3kRtjM0="}},"IpvuAActnZGZKFSs5VpE1bz/ir4pwXRTqNaSO3nmMI0=":{"valueMac":{"type":"Buffer","data":"AJP0BpRUFppYrvSrbbemDILq9I8D5i2EKfGEI8B/HJg="}},"Jzp5WOF41/A8uYfxjXu5dW5pfVci7QA7QuKanYG39Bo=":{"valueMac":{"type":"Buffer","data":"57yy9mHdD2gpx52SFHzAx6KPDJuJl9MuZrUt9xGb1r4="}},"NnpTHt4QA2ZxfBSKAgoXH83PNsu8t4zutGr9YAk0+bY=":{"valueMac":{"type":"Buffer","data":"gFmW53hfEe1kkuN0Ti1JUoytHphErtjludWCpGuL0jw="}},"QDAzhyzuk9mLWtjKEW75uHP6BbX9SVbw5bzSEexXa7g=":{"valueMac":{"type":"Buffer","data":"Rx88NFoyGXBpdV0RgAmNncrFQs8HauEjelN/gP8wAKw="}},"VH6dVujMGfFZgkD7F9NK/1KdGXLl1coKl/jDX1UtReE=":{"valueMac":{"type":"Buffer","data":"sbjalbjP85/j+4jkUbtkwu0Map+KtEJ5Ib03vuPCV3E="}},"VddH2GN8BD54lh1ToYbxJapnieaxu0hZaMQtOYxi710=":{"valueMac":{"type":"Buffer","data":"el51zXkI+5gN/e5oEHyFIe/HObYaqJpqBDRzVNhHITI="}},"XRc11ir6k/7QORgAKz7x5OGZ38PWkaPuPDFoKCPhT78=":{"valueMac":{"type":"Buffer","data":"DPbRKc07lEjcTwd10e3m9BtIrT7u75RJxbjt4U9KBto="}},"X1wlbB8wFTAmPBFUBvvh0V2j/BaM8YOaP4WtaMkYnLc=":{"valueMac":{"type":"Buffer","data":"pmrNd6apoVHm0FjNwYmurkoD++LCHw62mso3Xr1fjnM="}},"Y2zkK7tZ7J12lGr+L1JPH8ttYC75ojNvVejYlRIXwFU=":{"valueMac":{"type":"Buffer","data":"SAufTyiL+2DlvCSA1T14/qcMi9e6e9wCg9mDoI982P4="}},"ZUQGvp1U40arL1xGhx5brmqgU/iRBdu+pfA7wRYasmU=":{"valueMac":{"type":"Buffer","data":"VW1NsT+Gf3AmWJQ3OzVP4cV3iJ29qXJzk9bfHS5Mons="}},"g6j+fUuGYFdoyiKxR9t6+awdHT2/IpQzHTtvAtOfn1w=":{"valueMac":{"type":"Buffer","data":"vVMoL1t19PUJqZQi03eN3ZjwvDjkuZt0Ezato1ElMe0="}},"kyAy1QRDk5M/K7F9yoR8T5b0qyMNq6SY+qYBivqvnNo=":{"valueMac":{"type":"Buffer","data":"qwqnZvaYZxUVim8Kp9VLIMArwqOQOa7HYtK6F1wZ9jk="}},"lA24JSw5uDZNBXWZvl9/Y+7HxqYSNw5AecWXpLqYC8I=":{"valueMac":{"type":"Buffer","data":"vyr6hj/t+huHYNDhOJJPARxSpWjGHwbK1+nn47d7fqA="}},"paVUT7MVSMmQJsrIILOJYRkkJZKvrl6q3p/OzjeIZfk=":{"valueMac":{"type":"Buffer","data":"/iG4QKUn7j8c63vdBYou5gwBoEE87DoHKImKfXnz8ds="}},"peYSagQDLcDYnGeSd6132088Nng7+hTPyfDWUgNIWU4=":{"valueMac":{"type":"Buffer","data":"QWoLPoIPpI/eqlTql2VTHG9w/faxRIgN0VwHWggDOzg="}},"re3RNQhkmc/v81spP7lQupasIHrUI4H9gYh7LzSnLZc=":{"valueMac":{"type":"Buffer","data":"Efi6iCpluajRonHer6zpJ+KOKbqjI9GvxQFZpRlx3eA="}},"uAVdwkC8REbWa0lPQayr1QPM6YkmBQqa/sf+c25vMmU=":{"valueMac":{"type":"Buffer","data":"XkFTge9qVmluNUIgQjHgvEEJrcWx6XHv638wONsQlag="}},"yalskF21JKrt92X8RNxuFWQJuvKeOaPOO+gi6ifmpzc=":{"valueMac":{"type":"Buffer","data":"OpCgHQkCVZYQDyE5v7TVheLiVGGSG+XmFlIH3qtAIqM="}},"0PsJBu76NXiNS8JUo/sYSrLyfEnx0zMxfPCz+2+85jY=":{"valueMac":{"type":"Buffer","data":"v7yze4MFERwU2BECWTWPcEiuExK1WfOUlVv8Q+lkG6Y="}},"0cSVrTRmirpTSviaKdKtSSrA7F29E7lNJMud3oxe0zo=":{"valueMac":{"type":"Buffer","data":"JFHoCUlSPERdu9A06kgtwkc4fivSYziifR+blfIo5f8="}},"5dHCM2CKSNyCBlPdpDnN0XbwYnzWZDiSTkFHZRZbtxI=":{"valueMac":{"type":"Buffer","data":"XEKfcx4zedqGkuPNM8AWq/2vBYgQP806ZgU2E9yWqgs="}},"60frf2mfMGv67F8EpLTUk7Sxo8La3SKnZI/UibQZeJw=":{"valueMac":{"type":"Buffer","data":"1VBuQm8CqH41uePR3Iat78Y7KeW37P3GXR+yZ0Z2U8k="}},"7jrz2uZ3YZKauXIJkkUTAdAf26GuQhc6QCSswAgKOzE=":{"valueMac":{"type":"Buffer","data":"HkkhkFh4PXkVHjbnW+l30+5HEWZlx7R0HjNawsSDuDk="}},"8OReqfbsKiBSA1m2JZCCnOPptRDDw12OsIX6rNI6shw=":{"valueMac":{"type":"Buffer","data":"iZcq+vxDSlnU//THl+H6LnXS3UJBfTVBxUVAkDf4pJY="}},"+f29ic7AO3Moqq8QHhU4QSpX4WVmSg1sVs1onJ38sKw=":{"valueMac":{"type":"Buffer","data":"zOB3WzG88Tb0yMAi8Dotf7KNYnerpuGTfPp6Ty5g998="}}}}