{"noiseKey":{"private":{"type":"Buffer","data":"mNUNygWM/Y+IA3gcnabVdYKMf1c1Jjah+zRbjZxCrnw="},"public":{"type":"Buffer","data":"c5yzbmCBI6Zke1IKx/nZHGLAvsdVof3Ll65/vAGv2hw="}},"pairingEphemeralKeyPair":{"private":{"type":"Buffer","data":"6Og9+AfZXHIfLnljYUeuKV/xhenjdldSGIpetondnFc="},"public":{"type":"Buffer","data":"9u58ZSj1CIaoIARwdvnwnzca4zOKKqLqQqt3C/jSi0M="}},"signedIdentityKey":{"private":{"type":"Buffer","data":"COeSlCibVZJG71my58K8/lud/gJtfzudw5YBth3smmQ="},"public":{"type":"Buffer","data":"xx4zPHKNWsv4p88WceBEQsXEgEtp65SeKUAzIS18viM="}},"signedPreKey":{"keyPair":{"private":{"type":"Buffer","data":"cESsgbDBEOz8Hjro5HXD/u4gJdw3RbWS+lj7gBwDq0o="},"public":{"type":"Buffer","data":"EFwrZvMcpvnVn4EPbIW4qtbA+OUv53Q57uxzdSEFOgs="}},"signature":{"type":"Buffer","data":"PzJmsUWYAJstZTxaHEW9yOhCkSelw6TBSxkDigXaklHCGUZO6Z6M+9BipspN1Rg7tF/06y9OPC/X1VrhtrH1BQ=="},"keyId":1},"registrationId":155,"advSecretKey":"wdL2cabWYDN+YJnkn5N+tQYmsqdS3w41RARBalK99v4=","processedHistoryMessages":[{"key":{"remoteJid":"6283896798411@s.whatsapp.net","fromMe":true,"id":"B17D313FEBAB3CBDC71714B6A385C20E"},"messageTimestamp":1717616346},{"key":{"remoteJid":"6283896798411@s.whatsapp.net","fromMe":true,"id":"33894CC99B9FDD73BBBCCAE978962CA4"},"messageTimestamp":1717616349}],"nextPreKeyId":64,"firstUnuploadedPreKeyId":64,"accountSyncCounter":1,"accountSettings":{"unarchiveChats":false},"deviceId":"FHzNu3fCSkSeBX4jy8Rr4w","phoneId":"bd252888-1746-4677-a61c-c99c6f3b2fbb","identityId":{"type":"Buffer","data":"fWWwhomgoPQ/qrB+ZMF+ViIt2mI="},"registered":false,"backupToken":{"type":"Buffer","data":"hOxU87Ui9rsT81UlpVqf3R+6FYc="},"registration":{},"routingInfo":{"type":"Buffer","data":"CAwICA=="},"account":{"details":"CNT66ucCENf9grMGGAIgACgA","accountSignatureKey":"vmSkXrzKrAleCHgaqBEavZff9OJ5hSgsyjiBu7cUWxM=","accountSignature":"2Ac3rkrsKmj6K+iBy3aQs+V6Nr1cW7yQrJjuNxcd1FEW8fiWO/1mjIPoUKgUjtopwvse2oZ5YTcZvAlMqAUYDA==","deviceSignature":"P240wFThfn5FppMM0dS7DKAMV3d6v1/V5SCNujuUL6BNlGIIv1zLgcKQOi/9CU17ioO0Df40MKkihSM6YFJKCw=="},"me":{"id":"6283896798411:5@s.whatsapp.net","name":"BOT","jid":"6283896798411@s.whatsapp.net","lid":"195584656994371:5@lid"},"signalIdentities":[{"identifier":{"name":"6283896798411:5@s.whatsapp.net","deviceId":0},"identifierKey":{"type":"Buffer","data":"Bb5kpF68yqwJXgh4GqgRGr2X3/TieYUoLMo4gbu3FFsT"}}],"platform":"android","lastAccountSyncTimestamp":1717616676,"myAppStateKeyId":"AAAAABRW","lastPropHash":"1zkqRC"}