{"_sessions":{"BdLxTmbtyiPrUzU0VXhILcgqmRjkj5F9L0DOxwG/cwBY":{"registrationId":1561473975,"currentRatchet":{"ephemeralKeyPair":{"pubKey":"BReUww5k1bU6b4MEi34f3qhnvkKAoRG7R1c6tMoNoPgC","privKey":"CIDjymG2KL1MtAEXnhO+Tid/OiPQkL/kgPMCqkrjrk8="},"lastRemoteEphemeralKey":"Bf6NMMRAZUIGjXhXjwfy35KmNfHCKdveHX5188PRFf5M","previousCounter":0,"rootKey":"grWZHb+G6OrWYF0Top01V02liGVH++tC0FyVTX3m73I="},"indexInfo":{"baseKey":"BdLxTmbtyiPrUzU0VXhILcgqmRjkj5F9L0DOxwG/cwBY","baseKeyType":2,"closed":1717616850388,"used":1717616347057,"created":1717616347057,"remoteIdentityKey":"Bb5kpF68yqwJXgh4GqgRGr2X3/TieYUoLMo4gbu3FFsT"},"_chains":{"Bf6NMMRAZUIGjXhXjwfy35KmNfHCKdveHX5188PRFf5M":{"chainKey":{"counter":5,"key":"j98KZFStiyW+2IqCe585w8osnTr+RzeW8n1+OOR3EQo="},"chainType":2,"messageKeys":{}},"BReUww5k1bU6b4MEi34f3qhnvkKAoRG7R1c6tMoNoPgC":{"chainKey":{"counter":7,"key":"CBoz1kEe3TlQ+J65dRvegg9Om6AgPwyU8pm4AbuTUOc="},"chainType":1,"messageKeys":{}}}},"Bd3Oa2+YO/U6Qo4vSyD+MUXfFJa9EQpmpdyh1xjGvFsW":{"registrationId":1561473975,"currentRatchet":{"ephemeralKeyPair":{"pubKey":"BZcuE6Q5uyysk9eJhz6GBsnVaJ9eWDAYF4bsP8zOKKRh","privKey":"UIk2qkxKBdp38V96VqJlURDLb05Ua+cn0NJdrp2Er2I="},"lastRemoteEphemeralKey":"BXLm+slO5n7OEVF0hrA9UJ/0DP3ZcdHFbJyJcfObi4tk","previousCounter":0,"rootKey":"SF9U191b9vTH3/M5d7A6QfCCmYgxl7aDLwwPTR5fvto="},"indexInfo":{"baseKey":"Bd3Oa2+YO/U6Qo4vSyD+MUXfFJa9EQpmpdyh1xjGvFsW","baseKeyType":1,"closed":1717616854622,"used":1717616850385,"created":1717616850385,"remoteIdentityKey":"Bb5kpF68yqwJXgh4GqgRGr2X3/TieYUoLMo4gbu3FFsT"},"_chains":{"BZcuE6Q5uyysk9eJhz6GBsnVaJ9eWDAYF4bsP8zOKKRh":{"chainKey":{"counter":-1,"key":"aF0xAtDqkZRzwBOXPJHHOud0rq/HTys8SxC9tgzkY4w="},"chainType":1,"messageKeys":{}}},"pendingPreKey":{"signedKeyId":1,"baseKey":"Bd3Oa2+YO/U6Qo4vSyD+MUXfFJa9EQpmpdyh1xjGvFsW","preKeyId":13688154}},"BdNhLkCji6bM+wm2pG9B9b2SV9B3lWsk38TIDmkXUQUY":{"registrationId":1561473975,"currentRatchet":{"ephemeralKeyPair":{"pubKey":"BZLWJHlvvh9LMsTZyjWzvlO98dbbZz2i1iLwU6jKT3IK","privKey":"IJ9nlr05R+4G8jKE5WVtUsBOm4Nsd8Gifq5mPpFVl20="},"lastRemoteEphemeralKey":"BXLm+slO5n7OEVF0hrA9UJ/0DP3ZcdHFbJyJcfObi4tk","previousCounter":0,"rootKey":"/7KJLIPC5qs4Q9FG9QbcWhT0OGrmtp3ORy0s5ODAP4E="},"indexInfo":{"baseKey":"BdNhLkCji6bM+wm2pG9B9b2SV9B3lWsk38TIDmkXUQUY","baseKeyType":1,"closed":1717616860618,"used":1717616854619,"created":1717616854619,"remoteIdentityKey":"Bb5kpF68yqwJXgh4GqgRGr2X3/TieYUoLMo4gbu3FFsT"},"_chains":{"BZLWJHlvvh9LMsTZyjWzvlO98dbbZz2i1iLwU6jKT3IK":{"chainKey":{"counter":-1,"key":"tQpbzSOYYGRq4aH/Tr7hfRu9tYA7xhNK4pHVLWLIrzo="},"chainType":1,"messageKeys":{}}},"pendingPreKey":{"signedKeyId":1,"baseKey":"BdNhLkCji6bM+wm2pG9B9b2SV9B3lWsk38TIDmkXUQUY","preKeyId":13688185}},"BY0C6/AvwoHVoQ2dXIXAsVbVbwRYHWURsVdBh7gF5zN0":{"registrationId":1561473975,"currentRatchet":{"ephemeralKeyPair":{"pubKey":"Bde4ogpFhBADGVHcoObw7oc5qeu60DintIMeXnapQ3YS","privKey":"mIggdxExXuqyL3VmqGiIa25BT3yUDdAITynZFJdJEGQ="},"lastRemoteEphemeralKey":"BXLm+slO5n7OEVF0hrA9UJ/0DP3ZcdHFbJyJcfObi4tk","previousCounter":0,"rootKey":"9sbujKZTd8HN8lEfR70N2rRYVIRPX2sPwpDHVWXyT9E="},"indexInfo":{"baseKey":"BY0C6/AvwoHVoQ2dXIXAsVbVbwRYHWURsVdBh7gF5zN0","baseKeyType":1,"closed":-1,"used":1717616860615,"created":1717616860615,"remoteIdentityKey":"Bb5kpF68yqwJXgh4GqgRGr2X3/TieYUoLMo4gbu3FFsT"},"_chains":{"Bde4ogpFhBADGVHcoObw7oc5qeu60DintIMeXnapQ3YS":{"chainKey":{"counter":2,"key":"JiBIN4oWWOzMp6kPQrAtfthYQpBavgvC7hAm0xZ1ocg="},"chainType":1,"messageKeys":{}}},"pendingPreKey":{"signedKeyId":1,"baseKey":"BY0C6/AvwoHVoQ2dXIXAsVbVbwRYHWURsVdBh7gF5zN0","preKeyId":13688081}}},"version":"v1"}