{"_sessions":{"BSuvPJpC0HL1TW41KD5ACJ+niMMHUl9OHKfjK3vR76Qy":{"registrationId":1336608961,"currentRatchet":{"ephemeralKeyPair":{"pubKey":"BTB0ECSYkEswgoQHTOhmi0chjOEC9EjyBE66JCYkSIRy","privKey":"CC3ZZGozzm8iiEk/BtTLSDiQkLsITSntIeNgmwpWaE0="},"lastRemoteEphemeralKey":"BY3ixyw/J9uWsbrLZyDrqRSU313vWgNPyxCknZSE1/4v","previousCounter":0,"rootKey":"BFLbS9tzx668tT0ufq/hTf760c7EQx2DL7rGijYzybo="},"indexInfo":{"baseKey":"BSuvPJpC0HL1TW41KD5ACJ+niMMHUl9OHKfjK3vR76Qy","baseKeyType":1,"closed":1717673976115,"used":1717616364592,"created":1717616364592,"remoteIdentityKey":"Bd8m9Vlnmyx16C197FF7FoL+OOm4TAtzczZDcNBjTRYP"},"_chains":{"BTB0ECSYkEswgoQHTOhmi0chjOEC9EjyBE66JCYkSIRy":{"chainKey":{"counter":10,"key":"QNFVb1GMlJ9t/cJDzviL+L18B90qHY8xa/CMvBZO7D0="},"chainType":1,"messageKeys":{}}},"pendingPreKey":{"signedKeyId":1,"baseKey":"BSuvPJpC0HL1TW41KD5ACJ+niMMHUl9OHKfjK3vR76Qy","preKeyId":778629}},"Bbd9+2QdHoYtx4sB/3J2bkiCBRiSnzVG5JhNI3w7YdMV":{"registrationId":1336608961,"currentRatchet":{"ephemeralKeyPair":{"pubKey":"BQJvX46cBbSvX3HzQRCTNE/9/+IEcN7hsrbOqgHlG0sN","privKey":"2Ke2pv0z+JfY01J3izvoDa7oaaWqHc+gj+cMaWzYrUc="},"lastRemoteEphemeralKey":"BQND+c/i0WHTn70t5wFhve6tQUF/oZpvvm6qN6vlqC5d","previousCounter":1,"rootKey":"d6bS0dvyAJZfpTXeO0eAGYqTPk5+50f+mmxk4cBPotw="},"indexInfo":{"baseKey":"Bbd9+2QdHoYtx4sB/3J2bkiCBRiSnzVG5JhNI3w7YdMV","baseKeyType":2,"closed":-1,"used":1717673980660,"created":1717673976117,"remoteIdentityKey":"Bd8m9Vlnmyx16C197FF7FoL+OOm4TAtzczZDcNBjTRYP"},"_chains":{"BW+0GeL2vqB9ZEcTe/T/R3/vOfKnuGzuaLxhy6Yd+r0z":{"chainKey":{"counter":0},"chainType":2,"messageKeys":{}},"BQND+c/i0WHTn70t5wFhve6tQUF/oZpvvm6qN6vlqC5d":{"chainKey":{"counter":0,"key":"IRIl7yGYhqjp5/lMQL220+hMuo/LiF2HTSouGpADWDg="},"chainType":2,"messageKeys":{}},"BQJvX46cBbSvX3HzQRCTNE/9/+IEcN7hsrbOqgHlG0sN":{"chainKey":{"counter":0,"key":"TS6EBCznPce48mdH8YRav8L5AvGZrI5VNdXl5KLptX0="},"chainType":1,"messageKeys":{}}}}},"version":"v1"}