{"_sessions":{"BfypAvfHbZ5ZH4PBal9TTRgOLWd2PpTA+DBt5r8rhSoK":{"registrationId":1671390186,"currentRatchet":{"ephemeralKeyPair":{"pubKey":"BaDVzccrBmT8JKXaOZ3YqnOczKPVzXg5ZT5mgUIsQNwS","privKey":"kOeDqh35T6W0CpisvfYX2dD3/lDt1VAZWe3YEdUCgUM="},"lastRemoteEphemeralKey":"BbTnK2Ilm8bnHJGQ5tExtqmO4v0Q8FEfT/rVbzoz6J5a","previousCounter":2,"rootKey":"HOKRCYcC5Gjgs35CwLdcQlNe2t1d9eM+FsCeUvPs7y4="},"indexInfo":{"baseKey":"BfypAvfHbZ5ZH4PBal9TTRgOLWd2PpTA+DBt5r8rhSoK","baseKeyType":1,"closed":-1,"used":1717616846808,"created":1717616364597,"remoteIdentityKey":"BTmEXVZvhnVzivpCVtIxyD1W/Hb0nLAt6M965aE4prYv"},"_chains":{"BVvQ0Hy8FAmcBCRaicGjQM1L6K+v0fnaseASVCr29Ao6":{"chainKey":{"counter":0},"chainType":2,"messageKeys":{}},"BfZUDuzRpJWb78ARzeTFsW4BmuTOBKjWtViatqdFz/g/":{"chainKey":{"counter":0},"chainType":2,"messageKeys":{}},"BbTnK2Ilm8bnHJGQ5tExtqmO4v0Q8FEfT/rVbzoz6J5a":{"chainKey":{"counter":0,"key":"//jdjoAuUT0m0UAB019+cqUrjbQUNtet+o+b04awkRM="},"chainType":2,"messageKeys":{}},"BaDVzccrBmT8JKXaOZ3YqnOczKPVzXg5ZT5mgUIsQNwS":{"chainKey":{"counter":5,"key":"/cbdW79nma9OJrtBurMgRNNnvsgROJNBf7BCffmfZto="},"chainType":1,"messageKeys":{}}}}},"version":"v1"}