{"_sessions":{"Bf72u/ODEorEfhuf0RQaXMKHCkxeyR7Vq7IgCus2CBok":{"registrationId":77412131,"currentRatchet":{"ephemeralKeyPair":{"pubKey":"BV1pXD5C5rSo1pPz5KNjntSSVbAJeyf5QN2RFBra6GwR","privKey":"IP21Zrrmlw0GAjGCUlWiWMZy+WfJG2fmG6WJYWUENFY="},"lastRemoteEphemeralKey":"BX7LacESQur16rpXcSzkEqAUSrFbCIaypClHplnON0AI","previousCounter":0,"rootKey":"m3JQUG16wYnP/vEn2Qkydb6+veQgq71iJLKzU076nBY="},"indexInfo":{"baseKey":"Bf72u/ODEorEfhuf0RQaXMKHCkxeyR7Vq7IgCus2CBok","baseKeyType":2,"closed":-1,"used":1717673975407,"created":1717673975406,"remoteIdentityKey":"BZgBqsbXFsSGp78jQttEDKzEoAFGk9JsccmY0v56d8dh"},"_chains":{"BX7LacESQur16rpXcSzkEqAUSrFbCIaypClHplnON0AI":{"chainKey":{"counter":0,"key":"AbM0PiM6aWUjYS9FFYHMwDgMV72SICo7CeT0qrqf3y4="},"chainType":2,"messageKeys":{}},"BV1pXD5C5rSo1pPz5KNjntSSVbAJeyf5QN2RFBra6GwR":{"chainKey":{"counter":-1,"key":"CfsBqBgazyi/FafzxBcWMmfA3XL2/xraSzHCXOFkw9Q="},"chainType":1,"messageKeys":{}}}}},"version":"v1"}