{"_sessions":{"BdC8viU8KmP/tkSFTBQ1OoB8v/FLavqUT/QTWHnSXk1f":{"registrationId":1729652652,"currentRatchet":{"ephemeralKeyPair":{"pubKey":"BcaDCDmtoWbjXWe5+1BxlOt2/VqVHfHIJBVnulVfmD5L","privKey":"KMBmeUapHDi6Oxvzy9RMje7hkQd90elnvrozojINSH4="},"lastRemoteEphemeralKey":"BbI/qZe6PrSad0fKh/DGJy80RGvpgvtoWsu1M7mIgUoB","previousCounter":0,"rootKey":"72O+UqOWquWmx3fsnBIBWbK/ndkXNrxdGv7GLS4vCC4="},"indexInfo":{"baseKey":"BdC8viU8KmP/tkSFTBQ1OoB8v/FLavqUT/QTWHnSXk1f","baseKeyType":1,"closed":-1,"used":1717616848667,"created":1717616848667,"remoteIdentityKey":"BXWUnpCI+CngqUU9ehZBwj4rl+lUHtfO5ytgUSEoK787"},"_chains":{"BcaDCDmtoWbjXWe5+1BxlOt2/VqVHfHIJBVnulVfmD5L":{"chainKey":{"counter":2,"key":"JP5BeBoEjwNvxIr9IC0TjUOJSTpfTgs4f37jg8uMNNg="},"chainType":1,"messageKeys":{}}},"pendingPreKey":{"signedKeyId":1,"baseKey":"BdC8viU8KmP/tkSFTBQ1OoB8v/FLavqUT/QTWHnSXk1f","preKeyId":257}}},"version":"v1"}