{"_sessions":{"Bca7+ndm5AXD2r1uLA8Ie2Z6mnQ/b59jqgM9ZwGFQno+":{"registrationId":1875632474,"currentRatchet":{"ephemeralKeyPair":{"pubKey":"BRYS7rXY6LZMpMUrXnmaAKZbVmwezOFRkI2o98qyhwkn","privKey":"mHV/QI5knmZmlTkUMKbxZHQ9UO7tKsBfzF1wxcngUl8="},"lastRemoteEphemeralKey":"BU/hTyokePmdH/5U18BbifklUZEZ1bfnWHCo0B41cUJf","previousCounter":0,"rootKey":"sEjLFFHD4ml04jhQ6PmmgwgJ569mW5zbZZr1JyxVjVs="},"indexInfo":{"baseKey":"Bca7+ndm5AXD2r1uLA8Ie2Z6mnQ/b59jqgM9ZwGFQno+","baseKeyType":2,"closed":1717616851069,"used":1717616689650,"created":1717616361608,"remoteIdentityKey":"BYb5OoqFhZyPFe0XYKA9LnyQzTPAkfz5VcIsuy5VQe0f"},"_chains":{"BQcZvcLCEbKze8PYi/xZd3FJE/bbCgRS6mtZcP3uyY5M":{"chainKey":{"counter":0},"chainType":2,"messageKeys":{}},"BfkZHwuOA1tmOU5IoFC3/O4D08y/AsiEdIZC3BQLv/Nw":{"chainKey":{"counter":0},"chainType":2,"messageKeys":{}},"BU/hTyokePmdH/5U18BbifklUZEZ1bfnWHCo0B41cUJf":{"chainKey":{"counter":0,"key":"oGHcvFp7YbD+u9XBMScX4rTS0JvwEOBXgDZGn64IMcc="},"chainType":2,"messageKeys":{}},"BRYS7rXY6LZMpMUrXnmaAKZbVmwezOFRkI2o98qyhwkn":{"chainKey":{"counter":5,"key":"XyT+hl0SN+ekQkJFDtrM3FHV5Y+WvC9Q25dVWP6lWa8="},"chainType":1,"messageKeys":{}}}},"BW9GTaeVZsKHj8Rd0duQXIZEzy71ZSgYHwd3Wr3kSWNM":{"registrationId":1875632474,"currentRatchet":{"ephemeralKeyPair":{"pubKey":"BZRr9cZNMazTDjZR+ZWFiTTKELBTudItjwf/x/HB3YVJ","privKey":"iOEbV0W4zzRFEqwcIUxbBv8j+Fv7I1QSca8EWDjdBnI="},"lastRemoteEphemeralKey":"Bfb3b034dPyC4vHZFMWofLoCzbfgupLcemFhpAJRdPMM","previousCounter":0,"rootKey":"NpF0H3ssh1hGcwZIjgmtu/5cUhvS7rNznuo7vcYmqj8="},"indexInfo":{"baseKey":"BW9GTaeVZsKHj8Rd0duQXIZEzy71ZSgYHwd3Wr3kSWNM","baseKeyType":1,"closed":1717616855324,"used":1717616851067,"created":1717616851067,"remoteIdentityKey":"BYb5OoqFhZyPFe0XYKA9LnyQzTPAkfz5VcIsuy5VQe0f"},"_chains":{"BZRr9cZNMazTDjZR+ZWFiTTKELBTudItjwf/x/HB3YVJ":{"chainKey":{"counter":-1,"key":"QcUkDSWBwxayc/nmxUECryqiFL5oXUGpye6k+mC0uZo="},"chainType":1,"messageKeys":{}}},"pendingPreKey":{"signedKeyId":16624046,"baseKey":"BW9GTaeVZsKHj8Rd0duQXIZEzy71ZSgYHwd3Wr3kSWNM","preKeyId":12471}},"BWtcsp5+8nFOImVWBEs0Tg4yJyIf5m2/wD+7N42+9i8Q":{"registrationId":1875632474,"currentRatchet":{"ephemeralKeyPair":{"pubKey":"BXYnf7GiSvV4DhjFtbo7JgFKXbnfYhbBvlyOXWdOrU0d","privKey":"MJuRglKOCabNgePzFTq/XGA4Ecdh2NwPU2NAhXBKa1s="},"lastRemoteEphemeralKey":"Bfb3b034dPyC4vHZFMWofLoCzbfgupLcemFhpAJRdPMM","previousCounter":0,"rootKey":"coiELo1TpUIeu/b+eoWIPYDRETdqsqd4uDuRrA5jNjQ="},"indexInfo":{"baseKey":"BWtcsp5+8nFOImVWBEs0Tg4yJyIf5m2/wD+7N42+9i8Q","baseKeyType":1,"closed":1717616861262,"used":1717616855321,"created":1717616855321,"remoteIdentityKey":"BYb5OoqFhZyPFe0XYKA9LnyQzTPAkfz5VcIsuy5VQe0f"},"_chains":{"BXYnf7GiSvV4DhjFtbo7JgFKXbnfYhbBvlyOXWdOrU0d":{"chainKey":{"counter":-1,"key":"x/g4/FiFqm+p3Wr1HInpnp+DxvukCJIQ0oE1PnrJyVM="},"chainType":1,"messageKeys":{}}},"pendingPreKey":{"signedKeyId":16624046,"baseKey":"BWtcsp5+8nFOImVWBEs0Tg4yJyIf5m2/wD+7N42+9i8Q","preKeyId":12718}},"BX6nipUDlv+8/3YlfdiGVwVkfC09d5tEqIoI6niv078k":{"registrationId":1875632474,"currentRatchet":{"ephemeralKeyPair":{"pubKey":"BW426APo/7mzC7HyNCK+chDyvxAN59GHCqdmk5nEyEkl","privKey":"MK7S5sWWJVUhTq9dxvpfU1j3R5aZZsW+gSksDJu/CHI="},"lastRemoteEphemeralKey":"Bfb3b034dPyC4vHZFMWofLoCzbfgupLcemFhpAJRdPMM","previousCounter":0,"rootKey":"tG51QH4PE4Z75Dl0KjP7c5RJmzl3rlvn97zsS1JLOFA="},"indexInfo":{"baseKey":"BX6nipUDlv+8/3YlfdiGVwVkfC09d5tEqIoI6niv078k","baseKeyType":1,"closed":-1,"used":1717616861260,"created":1717616861260,"remoteIdentityKey":"BYb5OoqFhZyPFe0XYKA9LnyQzTPAkfz5VcIsuy5VQe0f"},"_chains":{"BW426APo/7mzC7HyNCK+chDyvxAN59GHCqdmk5nEyEkl":{"chainKey":{"counter":2,"key":"Kj+GbQeTsyObJWOsQxFZQsld8jS4H0r2QjET6dZsTiM="},"chainType":1,"messageKeys":{}}},"pendingPreKey":{"signedKeyId":16624046,"baseKey":"BX6nipUDlv+8/3YlfdiGVwVkfC09d5tEqIoI6niv078k","preKeyId":12830}}},"version":"v1"}