{"_sessions":{"BRHdzsSOPjnM+qQPvRry1iLdo4Vn9dVsthLofPNpyIpD":{"registrationId":178,"currentRatchet":{"ephemeralKeyPair":{"pubKey":"BWs3gfsCqT6da7UK4cCMq9X39W8trKTn2dC/7yMeka9R","privKey":"0FW8505CXdYB5pLjp61daDOSZTMH4YLBd91mzbAeS1g="},"lastRemoteEphemeralKey":"BTkUsrFu5J3ktSPLjxEckZ1F9+pZ7IHma26tlo6DqwxV","previousCounter":0,"rootKey":"2gqb92ksJomJjMRc9Bjiq6SmgCAj4AvnyDxEhC2G99E="},"indexInfo":{"baseKey":"BRHdzsSOPjnM+qQPvRry1iLdo4Vn9dVsthLofPNpyIpD","baseKeyType":1,"closed":-1,"used":1717616364587,"created":1717616364587,"remoteIdentityKey":"BfCj72hY/cP3DyWKF9WhyqE/m3SND7HArz6Gje4+H9Vd"},"_chains":{"BWs3gfsCqT6da7UK4cCMq9X39W8trKTn2dC/7yMeka9R":{"chainKey":{"counter":13,"key":"scP03wAYNFtfkTMWcyDJjRlMUuccehB+SMuvoSg2n70="},"chainType":1,"messageKeys":{}}},"pendingPreKey":{"signedKeyId":1,"baseKey":"BRHdzsSOPjnM+qQPvRry1iLdo4Vn9dVsthLofPNpyIpD","preKeyId":105}}},"version":"v1"}