{"_sessions":{"BZ0zQMA+c27LwoRO16Lf8yoHOGuIOye9qfLh3UlIJvpf":{"registrationId":1889647875,"currentRatchet":{"ephemeralKeyPair":{"pubKey":"BaGAPUQdraT7CHKc6o/5TufgELdz+dR3kcekXkszYZR1","privKey":"iMLQoL05ZV+r6mZf6K+h5PfiDkSADEJvjKdg5IcFDl0="},"lastRemoteEphemeralKey":"BWl2Ta5cn7Oqa5t6UGpgRHlDmaSdaF9f8I+U5c5eEClg","previousCounter":0,"rootKey":"Dh+fclFdKi2tuhjz08oVVwpL2+365mjcgA9k+wLU9z4="},"indexInfo":{"baseKey":"BZ0zQMA+c27LwoRO16Lf8yoHOGuIOye9qfLh3UlIJvpf","baseKeyType":1,"closed":-1,"used":1717616848671,"created":1717616848671,"remoteIdentityKey":"BYw9CbhLSBv5Ynj0EeLVWIQCHADtj7Ud5e/PTUaTi39h"},"_chains":{"BaGAPUQdraT7CHKc6o/5TufgELdz+dR3kcekXkszYZR1":{"chainKey":{"counter":2,"key":"uqOMEfqhXTU0KPMsQSBodNMK48fNtWaxRcfBOy8xzr0="},"chainType":1,"messageKeys":{}}},"pendingPreKey":{"signedKeyId":12819281,"baseKey":"BZ0zQMA+c27LwoRO16Lf8yoHOGuIOye9qfLh3UlIJvpf","preKeyId":3836}}},"version":"v1"}